"Monster ID","Monster","Instance GUID","Slash Raw","Slash","Blow","Shot","Fire","Water","Thunder","Ice","Dragon","Stun","Flash"
"EM0001_00_0","Rathian","BFDD2F8C-62F3-4A4E-8845-54774A4E1581","00000046",70,75,65,0,15,20,15,30,100,100
"EM0001_00_0","Rathian","0D427B1C-85FC-4C51-A401-EEF9EEDFAFD5","00000046",70,70,70,0,0,0,0,0,0,0
"EM0001_00_0","Rathian","272FEB9F-7101-4066-9E74-EC462A83616F","00000028",40,45,35,0,0,5,0,15,0,0
"EM0001_00_0","Rathian","EA992FC0-D940-4407-BA50-6961DA022CF0","00000023",35,30,25,0,5,10,5,20,0,0
"EM0001_00_0","Rathian","3AB19D62-2279-4E2D-B2E1-F7FD09288887","00000037",55,50,45,0,10,15,10,25,0,0
"EM0001_00_0","Rathian","1EC5415B-351E-4CBA-86BB-25DA6C845817","00000028",40,40,35,0,0,5,0,15,0,0
"EM0001_00_0","Rathian","7CDFDD7B-01F7-440E-AFBD-1075A5F5F50A","0000002D",45,40,35,0,5,10,5,20,0,0
"EM0001_00_0","Rathian","54141C78-7D4A-40F6-82EE-157B21EB4FBA","00000032",50,50,50,0,10,15,10,20,0,0
"EM0001_00_0","Rathian","A8F6BCBA-9EFD-45C5-9D47-BA2AA336D0C1","0000003C",60,66,50,0,10,15,10,25,0,0
"EM0001_00_0","Rathian","D7A745BC-6C31-43DB-BC7F-CEF574C34AAC","00000050",80,82,70,0,15,20,15,30,100,100
"EM0002_00_0","Rathalos","1AD34298-33E0-4458-847E-F45FF02E5039","00000041",65,70,60,0,15,20,15,30,100,100
"EM0002_00_0","Rathalos","E4A2346E-C73D-4E25-B58C-244B62461A98","00000023",35,40,30,0,5,10,5,20,0,0
"EM0002_00_0","Rathalos","4DF9FE96-F1F6-4FFF-A8D4-11A5FC41763D","00000019",25,25,20,0,5,10,5,20,0,0
"EM0002_00_0","Rathalos","959095AE-9A1E-4CF8-874A-AE67FF818D00","00000037",55,50,40,0,10,15,10,25,0,0
"EM0002_00_0","Rathalos","26F5C3B5-86B4-4C2B-92D5-96EFC100F58F","0000002D",45,45,30,0,0,5,0,15,0,0
"EM0002_00_0","Rathalos","E66D7482-E9F8-40EA-B1A2-8FDC5ABC9690","0000002D",45,40,35,0,5,10,5,20,0,0
"EM0002_00_0","Rathalos","1B9A5137-6DC9-46DF-B775-AD9AC106CC4F","0000003C",60,55,50,0,15,20,15,30,0,0
"EM0002_00_0","Rathalos","D69E5CF9-3B2E-4E83-9F48-3744485EBD82","00000046",70,75,65,0,15,20,15,30,100,100
"EM0002_00_0","Rathalos","CB3C97FF-A863-4B7C-B519-4DB9CFADCEB6","00000046",70,75,70,0,15,20,15,30,100,100
"EM0002_50_0","Guardian Rathalos","3CBDFA07-D923-42D0-A22C-582E829A6854","00000041",65,70,55,0,10,15,10,25,100,100
"EM0002_50_0","Guardian Rathalos","22838987-31B8-446A-87D9-2E58D52480DC","00000023",35,40,30,0,5,10,5,20,0,0
"EM0002_50_0","Guardian Rathalos","598DF7D7-439D-488C-8905-14BA72D6E15A","00000019",25,25,20,0,5,10,5,20,0,0
"EM0002_50_0","Guardian Rathalos","6C059238-94C4-4265-A60F-9240B297FFBD","00000028",40,40,30,0,10,15,10,25,0,0
"EM0002_50_0","Guardian Rathalos","CB2EEC40-2BD4-4F07-A871-371ACD006DB7","0000003C",60,50,50,0,15,20,15,30,0,0
"EM0002_50_0","Guardian Rathalos","34AA3FB5-5C4F-4FAA-9BB3-BBC8CB542092","00000023",35,35,30,0,0,5,0,15,0,0
"EM0002_50_0","Guardian Rathalos","02910994-BC56-437D-9C98-188C84E676D5","00000041",65,55,55,0,15,20,15,30,0,0
"EM0002_50_0","Guardian Rathalos","D7671BE8-EB6F-4DF9-A832-C6C21BDD9E9F","00000046",70,75,65,0,15,20,15,30,100,100
"EM0002_50_0","Guardian Rathalos","939C577E-141D-4A7B-AE78-79C0E3F09BF7","00000046",70,75,70,0,15,20,15,30,0,0
"EM0002_50_0","Guardian Rathalos","983840ED-5AAB-4889-9E4E-3554C6C10E4F","00000046",70,75,65,0,15,20,15,30,100,100
"EM0005_00_0","Gravios","6CD38FFF-6C94-4CB6-A008-1316D2584840","00000014",20,28,20,0,15,5,5,25,100,100
"EM0005_00_0","Gravios","E3116350-B156-4ADF-A042-2A43E60B9610","00000019",25,30,20,0,30,5,10,20,0,0
"EM0005_00_0","Gravios","64FDE6E8-6C84-4A56-8C0F-ED6895803772","00000019",25,30,30,0,35,5,15,30,0,0
"EM0005_00_0","Gravios","560381F6-C62F-48E3-8743-F86F5398EEEA","00000019",25,30,25,0,25,5,15,15,0,0
"EM0005_00_0","Gravios","972DAC12-97F8-4B5F-8766-7EAE1FC6EF4D","00000019",25,30,20,0,30,5,10,20,0,0
"EM0005_00_0","Gravios","DBB77BE2-9CC4-4413-B9A2-F9CF6BB34176","00000014",20,20,20,0,30,5,5,10,0,0
"EM0005_00_0","Gravios","9560F586-F856-44B6-8FE4-6B1EEAF3C9E2","00000014",20,20,20,0,20,5,5,15,0,0
"EM0005_00_0","Gravios","19397B5B-2C83-442D-B3EA-75B049CFE928","00000050",80,82,80,0,35,15,15,25,100,100
"EM0005_00_0","Gravios","5D276BFE-72DE-43A8-A21A-20B53EC56E60","00000046",70,70,70,0,35,15,15,35,0,0
"EM0005_00_0","Gravios","52C132D5-1128-4B20-A172-C26B98593A0D","00000019",25,35,25,0,15,5,5,30,100,100
"EM0005_00_0","Gravios","8123AB2C-F57B-477E-92A1-6E240086A131","00000046",70,70,60,15,45,5,15,40,0,0
"EM0005_00_0","Gravios","2DFBDE05-ADF6-4E7E-8507-2DA8AB94CFAB","0000002D",45,45,40,5,35,5,10,15,0,0
"EM0005_00_0","Gravios","50596DA7-0739-429F-934A-1864727E0839","0000001E",30,30,25,0,30,5,5,10,0,0
"EM0005_00_0","Gravios","F352233F-66DF-41C6-B9C9-AB1A91D3F111","0000001E",30,30,25,0,30,5,5,10,0,0
"EM0005_00_0","Gravios","45C4684D-A336-43E8-962F-48FD353DB943","00000023",35,35,26,0,20,5,5,15,0,0
"EM0005_00_0","Gravios","8A6AA5C4-5F61-4CBB-952F-EBF3ED3C9640","00000023",35,35,26,0,20,5,5,15,0,0
"EM0005_00_0","Gravios","D2771659-7DFC-4DA0-9874-A8F3BE809E86","00000064",100,100,100,0,0,5,5,0,0,0
"EM0008_00_0","Yian Kut-Ku","3E613089-DC0F-45FC-8742-C1EE7492E4DD","00000038",56,75,80,10,15,20,30,0,100,100
"EM0008_00_0","Yian Kut-Ku","2DC0D77F-50F5-41EA-B26F-3B9D0845C773","0000002A",42,42,45,10,25,30,40,20,0,0
"EM0008_00_0","Yian Kut-Ku","3BB1A9E4-48C0-43FA-8473-92330878F89F","00000042",66,63,60,5,15,15,20,0,0,0
"EM0008_00_0","Yian Kut-Ku","3CF1CD4D-8974-4D79-9AC7-91F8E744DAE5","0000003C",60,56,50,5,15,15,20,0,0,0
"EM0008_00_0","Yian Kut-Ku","8222F4F8-24AB-4F9C-9DB4-E5D507DF85A5","00000050",80,42,70,5,10,25,15,0,0,0
"EM0008_00_0","Yian Kut-Ku","F651BBF6-2208-45E4-BBD4-E11CF9092E2E","0000001C",28,28,30,5,5,5,5,0,0,0
"EM0008_00_0","Yian Kut-Ku","F6808B82-7839-4E34-BF38-2C32DE7A01C7","00000042",66,85,90,10,15,20,30,0,100,100
"EM0008_00_0","Yian Kut-Ku","98182B29-D2FD-4B4B-9616-FE8B1E7717E0","0000004C",76,73,70,5,15,15,20,0,0,0
"EM0008_00_0","Yian Kut-Ku","6BE843EE-0D32-47F6-9F2A-109FB4A0F3D9","0000004C",76,73,70,5,15,15,20,0,0,0
"EM0008_00_0","Yian Kut-Ku","B9874D74-B968-46AE-B3A9-541931B6194C","0000005A",90,52,80,5,10,25,15,0,0,0
"EM0008_00_0","Yian Kut-Ku","91567ADA-5647-4854-9BCD-84D1AE8E450F","0000004C",76,73,70,5,15,15,20,0,0,0
"EM0008_00_0","Yian Kut-Ku","A62F04F9-F7A3-4EF9-AD7F-61F7506E4845","00000046",70,85,90,10,15,20,30,0,100,100
"EM0009_00_0","Gypceros","343EEBFF-206C-4CAA-8766-406A1A90F8A2","0000002D",45,55,45,30,10,0,20,10,100,0
"EM0009_00_0","Gypceros","05D47281-6AE9-4818-81AC-B995B3C8A98D","00000046",70,70,70,0,0,0,0,0,0,0
"EM0009_00_0","Gypceros","103CE360-7AEE-4E82-A673-C24CD1F43445","00000032",50,25,40,20,5,0,10,10,0,0
"EM0009_00_0","Gypceros","056195CA-F0D4-4DB2-BA76-D66CA7E0D05F","0000002D",45,30,20,20,5,0,10,10,0,0
"EM0009_00_0","Gypceros","E6DFD025-55FF-4459-97B5-91D100DD18C7","0000002A",42,30,30,20,10,0,20,10,0,0
"EM0009_00_0","Gypceros","7FB0F8FE-19CD-4154-915C-94713BDEBE07","00000019",25,25,30,10,5,0,10,10,0,0
"EM0009_00_0","Gypceros","0284682D-63DF-4FF2-9023-EA9561E8C3DC","00000046",70,40,80,20,5,0,10,10,0,0
"EM0009_00_0","Gypceros","7916FE26-ADAB-4BEC-8CB3-F55C53F570CA","00000037",55,55,45,10,10,0,10,10,0,0
"EM0009_00_0","Gypceros","354DF23C-EF1A-449A-A2FB-39DC8A6391A8","00000050",80,60,90,20,15,0,20,10,0,0
"EM0009_00_0","Gypceros","8F3ED9CE-6A6C-4795-AC3F-073DD552577D","0000003C",60,70,55,30,10,0,20,10,100,0
"EM0021_00_0","Congalala","BBF61AB4-90C3-4369-BCF2-E10923F0B80A","00000041",65,70,60,25,10,10,15,5,100,100
"EM0021_00_0","Congalala","D69BE177-C28C-411A-B65A-1C517D9866C8","00000023",35,35,35,10,5,5,10,5,0,0
"EM0021_00_0","Congalala","46398EBD-E8A5-46DC-8513-476F514E7E85","0000002D",45,45,45,15,10,10,15,5,0,0
"EM0021_00_0","Congalala","2CD8BDA9-09A4-44A2-A1A8-423EC9946D73","00000023",35,35,35,15,10,10,15,5,0,0
"EM0021_00_0","Congalala","BD7F6605-05F3-4405-994F-812A89F64E76","0000002D",45,45,45,15,10,10,15,5,0,0
"EM0021_00_0","Congalala","74B39AB2-82AF-454B-ABD9-D0BF499A2E71","00000050",80,80,90,25,10,10,15,5,0,0
"EM0021_00_0","Congalala","484923CB-343C-48A3-A1B8-ADF9F4D6D633","0000004B",75,80,70,25,10,10,15,5,100,100
"EM0021_00_0","Congalala","421A09BE-5125-4A21-A759-BFF828A9AD84","00000037",55,55,55,25,10,10,15,5,0,0
"EM0022_00_0","Blangonga","2BFD287F-CCCF-458E-8B50-BCF66BD2E033","00000046",70,70,60,30,5,15,0,0,100,100
"EM0022_00_0","Blangonga","A4FEC738-D640-4AD4-85DF-A8B843B5F8CA","0000002D",45,50,40,20,5,15,0,0,0,0
"EM0022_00_0","Blangonga","2C832031-BD4F-4CB9-A778-E2F03A88FA12","0000002D",45,40,30,15,5,15,0,0,0,0
"EM0022_00_0","Blangonga","010026BF-521A-48B7-B9BE-508F15F2DF91","0000002D",45,40,30,15,5,15,0,0,0,0
"EM0022_00_0","Blangonga","731764EB-44BA-4AD0-B47D-37F95C2EABB7","00000032",50,40,25,15,5,15,0,0,0,0
"EM0022_00_0","Blangonga","C563A54C-9425-4B5D-AA15-A107FA8C2C01","00000050",80,80,80,30,5,15,0,0,0,0
"EM0022_00_0","Blangonga","5D1A8759-03F7-452C-846D-A83F0FA15DE7","0000004B",75,75,70,30,5,15,0,0,100,100
"EM0022_00_0","Blangonga","994710CC-B554-441A-BAD0-E66539AA23A0","0000003C",60,60,55,30,5,15,0,0,0,0
"EM0070_00_0","Nerscylla","041B986E-8267-4046-8948-43878C7C0AF2","00000032",50,65,50,15,0,0,5,0,100,100
"EM0070_00_0","Nerscylla","B733589F-BD85-4484-8348-A90A68E3E29A","00000024",36,36,40,25,0,0,5,0,0,0
"EM0070_00_0","Nerscylla","D861B242-54AC-44E4-8810-7AF1C6358B9B","00000041",65,50,45,15,0,20,5,0,0,0
"EM0070_00_0","Nerscylla","1B5E2D05-957B-4D29-9CE8-BD818A9A212D","00000014",20,30,20,5,0,10,5,0,0,0
"EM0070_00_0","Nerscylla","667B544B-2A2B-4F24-B393-FC59EE5BDA17","00000023",35,35,25,20,0,0,5,0,0,0
"EM0070_00_0","Nerscylla","46F570FA-1AFB-4DBC-943D-ACFAAF3DB90D","0000002D",45,45,35,20,0,0,5,0,0,0
"EM0070_00_0","Nerscylla","EF555635-666D-41E5-8741-3919DF51693E","0000001C",28,35,20,10,0,0,5,0,0,0
"EM0070_00_0","Nerscylla","80EDDA66-E4D1-4BD4-9919-91E154AFAD47","0000001C",28,35,65,25,0,0,5,0,0,0
"EM0070_00_0","Nerscylla","9AA0E18B-EBE9-4FFC-BBC7-6055E1D6C8B9","0000004B",75,75,75,25,0,15,15,0,100,100
"EM0070_00_0","Nerscylla","9634724F-59DF-4E39-A240-18822BFE5E50","00000037",55,55,45,25,0,25,15,0,0,0
"EM0070_00_0","Nerscylla","FE39B862-A380-4B73-BE44-A62EC1F8C9F4","00000050",80,80,90,15,0,15,0,0,0,0
"EM0070_00_0","Nerscylla","14E9146C-22FB-4BC6-BB0F-D1E6E56513A6","00000032",50,65,50,5,0,10,5,0,100,100
"EM0070_00_0","Nerscylla","D9211624-AC96-4597-A9C4-1C469929FE02","00000024",36,36,40,5,0,25,5,0,0,0
"EM0070_00_0","Nerscylla","FBAB16BB-1688-4CFE-AA8A-746ED04B53B5","00000041",65,50,45,5,0,20,5,0,0,0
"EM0070_00_0","Nerscylla","7DDE0A84-4707-4F09-BDAF-4ABF9C16BECF","00000014",20,30,20,5,0,10,5,0,0,0
"EM0070_00_0","Nerscylla","63F53A07-6640-4CA3-A266-63DD23C57391","00000023",35,35,25,5,0,10,5,0,0,0
"EM0070_00_0","Nerscylla","9FDECF8F-AEBC-44E4-A25D-B7CA71B80F0B","0000002D",45,45,25,5,0,10,5,0,0,0
"EM0070_00_0","Nerscylla","0129177B-7395-426D-891D-0AE89F83B795","0000002D",45,45,35,5,0,10,5,0,0,0
"EM0070_00_0","Nerscylla","64717844-B9C9-4A32-8634-6B61477A0867","0000001C",28,35,65,5,0,35,5,0,0,0
"EM0071_00_0","Gore Magala","0D21218D-32B2-4349-8B08-5D5F42875050","00000041",65,55,45,15,0,15,5,15,100,0
"EM0071_00_0","Gore Magala","C858C84B-7CA4-4780-B943-E1FA9427009A","0000002D",45,45,25,15,0,10,5,5,0,0
"EM0071_00_0","Gore Magala","DFAD4C19-CF0D-47B3-8519-8213F1D08A36","00000019",25,25,20,10,0,5,5,5,0,0
"EM0071_00_0","Gore Magala","342236CC-F33A-401A-A120-9B180450ABF9","0000001B",27,27,20,20,0,15,5,10,0,0
"EM0071_00_0","Gore Magala","20C47B2D-A279-4FAF-8ADA-9D4D31E30E2E","0000003C",60,55,45,20,0,15,5,10,0,0
"EM0071_00_0","Gore Magala","F335CF17-BD5D-494D-8688-203A4B248D0E","0000002A",42,42,25,10,0,5,5,5,0,0
"EM0071_00_0","Gore Magala","A3EE1D7E-2B78-4D27-84E8-D4AAA467A491","00000026",38,38,35,10,0,5,5,5,0,0
"EM0071_00_0","Gore Magala","DA93B578-9886-4E83-84D9-027EEAF4E73E","0000001A",26,26,15,15,0,10,5,5,0,0
"EM0071_00_0","Gore Magala","C2C248CA-5856-4BF4-AF44-F3B44F13AC6E","00000026",38,38,25,10,0,10,5,5,0,0
"EM0071_00_0","Gore Magala","ADE29054-7EDC-494E-B1B2-CC655422CC80","0000004B",75,70,50,20,0,10,5,25,100,0
"EM0071_00_0","Gore Magala","DBBE0BB6-46E3-4593-BB81-3D448961F063","00000041",65,70,50,20,0,15,5,10,0,0
"EM0071_00_0","Gore Magala","57AE0D3C-B1CF-4490-BCC6-6445D53C68EC","0000004B",75,70,50,15,0,15,5,15,100,0
"EM0071_00_0","Gore Magala","B1A43E22-0684-4722-8C3C-A60AE3866AAE","0000004B",75,70,50,15,0,15,5,15,100,0
"EM0071_00_0","Gore Magala","D65CD29A-8629-4D10-9B83-D5604A63F691","00000050",80,70,50,20,0,10,5,25,100,0
"EM0100_51_0","Guardian Fulgur Anjanath","2F4F0173-377C-4478-A750-D3B86970BD77","0000003C",60,60,45,10,20,0,30,30,100,100
"EM0100_51_0","Guardian Fulgur Anjanath","1A403E9B-0DFF-4DF9-8B07-542B6504946C","00000037",55,55,45,10,30,0,20,30,100,100
"EM0100_51_0","Guardian Fulgur Anjanath","0D32A9FB-F1F0-4D04-97BD-C9FC15D2271A","00000041",65,60,55,15,25,0,35,30,100,100
"EM0100_51_0","Guardian Fulgur Anjanath","68765E06-D9B6-4C6C-90C0-8A0760787096","00000041",65,60,55,15,40,0,25,30,100,100
"EM0100_51_0","Guardian Fulgur Anjanath","6797BF11-D1FC-42A5-9398-EB65950AAC2D","0000001E",30,30,10,5,20,0,25,5,0,0
"EM0100_51_0","Guardian Fulgur Anjanath","2D75BA2C-8716-4756-B8A9-2E30397C01C8","0000001A",26,26,10,5,25,0,20,5,0,0
"EM0100_51_0","Guardian Fulgur Anjanath","E3F3D0D2-4B3C-48FC-BB4E-E15C667BA342","0000001E",30,30,45,5,15,0,20,0,0,0
"EM0100_51_0","Guardian Fulgur Anjanath","ABA2D775-D1A5-42DC-8A85-FD610A031286","0000001A",26,26,40,5,20,0,15,0,0,0
"EM0100_51_0","Guardian Fulgur Anjanath","DC30971C-06E4-43ED-B755-056F0860CEDB","00000041",65,45,55,15,25,0,35,10,0,0
"EM0100_51_0","Guardian Fulgur Anjanath","3AC835FA-E7F2-4F7C-B0EA-2A3FFA52CA2D","00000037",55,40,50,15,40,0,25,10,0,0
"EM0100_51_0","Guardian Fulgur Anjanath","9FD748F6-401B-4855-9B0D-21CBEF67A848","0000001E",30,30,10,5,15,0,20,0,0,0
"EM0100_51_0","Guardian Fulgur Anjanath","DF19B0FE-4205-45DA-B7A8-B6D5AFCBBBE8","00000023",35,35,15,5,20,0,15,0,0,0
"EM0100_51_0","Guardian Fulgur Anjanath","6CF1E76C-3A64-448D-8AF3-784C24F887B4","0000002D",45,45,50,5,20,0,20,0,0,0
"EM0100_51_0","Guardian Fulgur Anjanath","EEE2A05D-B0D4-4EBF-88AA-6E3B2A2A37EB","0000002D",45,45,50,5,20,0,20,0,0,0
"EM0100_51_0","Guardian Fulgur Anjanath","8B5859C3-334C-46DB-8118-A3082B8715FD","0000003C",60,60,75,10,20,0,25,5,0,0
"EM0100_51_0","Guardian Fulgur Anjanath","65744D0E-1010-4013-A90B-BA9C23177815","00000037",55,55,70,10,25,0,20,5,0,0
"EM0100_51_0","Guardian Fulgur Anjanath","FC87C95E-C389-4D3F-96B5-077DE1A8FA08","0000003C",60,60,75,10,20,0,20,5,0,0
"EM0100_51_0","Guardian Fulgur Anjanath","9A556B57-1EB9-49CE-8350-EA1A8B9F4A40","0000003C",60,60,75,10,20,0,20,5,0,0
"EM0100_51_0","Guardian Fulgur Anjanath","913A5793-9F6E-48ED-9F6F-864C1840EBC6","00000064",100,100,100,0,0,0,0,0,100,0
"EM0100_51_0","Guardian Fulgur Anjanath","D1BF4FB0-58A0-4C3D-B578-E4EBBD9F71E4","00000046",70,70,65,10,20,0,30,30,100,100
"EM0100_51_0","Guardian Fulgur Anjanath","44A93527-5EA5-4B80-9F86-F4C7164721AC","0000003C",60,60,55,10,20,0,25,25,0,0
"EM0113_51_0","Guardian Ebony Odogaron","AA18CFC6-AE9F-488E-B084-89C3C209AE08","0000002D",45,45,45,25,40,25,25,5,100,100
"EM0113_51_0","Guardian Ebony Odogaron","874333ED-3118-42EA-B0BD-CE184C52B710","0000003C",60,65,55,20,30,20,20,5,100,100
"EM0113_51_0","Guardian Ebony Odogaron","D75D9151-E4F0-4548-A818-A19B1A03D97F","00000019",25,35,30,15,25,15,15,5,100,100
"EM0113_51_0","Guardian Ebony Odogaron","202139FB-A979-4800-9B31-FE46A8B6D7F8","0000001E",30,25,20,10,20,10,10,5,0,0
"EM0113_51_0","Guardian Ebony Odogaron","25C53EED-5CB4-47AC-9D4A-4B9526AD0959","0000001E",30,25,20,10,20,10,10,5,0,0
"EM0113_51_0","Guardian Ebony Odogaron","A88DDEC8-768B-4561-B3D7-F27BE7D59A09","00000023",35,40,30,20,35,20,20,30,0,0
"EM0113_51_0","Guardian Ebony Odogaron","84DA153B-4315-450A-9455-1723C3EA4E65","0000002D",45,45,40,10,25,10,10,30,0,0
"EM0113_51_0","Guardian Ebony Odogaron","F67015E6-CB88-41F2-A583-D6C95382B028","0000001E",30,35,30,20,35,20,20,5,0,0
"EM0113_51_0","Guardian Ebony Odogaron","C3F36B76-C7EA-448D-B802-41ADDFDD50BE","00000032",50,50,40,10,25,10,10,5,0,0
"EM0113_51_0","Guardian Ebony Odogaron","269526E2-EE1B-4E67-A456-1F3E45FEEC5B","0000001E",30,25,20,20,35,20,20,30,0,0
"EM0113_51_0","Guardian Ebony Odogaron","6F2947CB-6BBC-4539-9513-7B7E7DCE858F","00000032",50,45,45,10,20,10,10,30,0,0
"EM0113_51_0","Guardian Ebony Odogaron","12D7A41D-93C9-468A-8E41-10AE74A468DF","0000002D",45,30,40,15,25,15,15,30,0,0
"EM0113_51_0","Guardian Ebony Odogaron","39EC4BF6-6041-4714-B4D1-2188EC2B79AC","0000003C",60,60,60,15,25,15,15,30,0,0
"EM0113_51_0","Guardian Ebony Odogaron","5A5A3E48-9722-4395-B3B2-957688AD70AA","00000046",70,70,62,25,40,25,25,30,100,100
"EM0113_51_0","Guardian Ebony Odogaron","1AF7C950-28FB-48B9-9D1F-8B8901C391E9","00000064",100,100,100,15,25,15,15,30,0,0
"EM0150_00_0","Doshaguma","B1CA0401-F489-4ECC-B65B-1E98F8D5281A","00000050",80,80,70,20,5,15,5,0,0,0
"EM0150_00_0","Doshaguma","729E2437-B94B-4FA8-8BF1-4C7CFA0FC03A","00000041",65,65,55,25,10,20,15,5,100,100
"EM0150_00_0","Doshaguma","474FCBBE-1565-4E4A-AAA0-154E9896129B","00000034",52,52,50,20,10,15,15,5,0,0
"EM0150_00_0","Doshaguma","5E03A075-378D-4B83-A2DE-F15709C1490D","00000030",48,54,45,20,10,20,10,5,100,100
"EM0150_00_0","Doshaguma","FC49D1DE-9C5B-4553-80E6-97E7B8634FE5","00000026",38,40,25,20,5,15,5,5,0,0
"EM0150_00_0","Doshaguma","1B96911E-5D5B-468C-87A1-4645DFDCA3F1","0000002F",47,45,40,15,5,5,5,5,0,0
"EM0150_00_0","Doshaguma","F840078C-6836-41E4-B37F-3B963FFE269F","0000002F",47,45,40,15,5,5,5,5,0,0
"EM0150_00_0","Doshaguma","6945FABD-688D-4D2C-868A-703EFBBAA319","00000028",40,30,35,15,5,10,5,5,0,0
"EM0150_00_0","Doshaguma","D33FDE0C-0547-4011-AD99-65FEF7C97AD6","00000028",40,30,35,15,5,10,5,5,0,0
"EM0150_00_0","Doshaguma","9A0E7D5D-91EB-4811-8860-11B6BCECBB0D","00000026",38,35,25,10,5,5,5,0,0,0
"EM0150_50_0","Guardian Doshaguma","5FFA1DC1-7129-4599-B170-4A42ABFECB31","00000064",100,100,100,25,5,15,10,30,0,0
"EM0150_50_0","Guardian Doshaguma","FDB659DB-D98E-4CA0-AFCE-936D2018F07F","00000046",70,75,65,25,5,15,10,30,100,100
"EM0150_50_0","Guardian Doshaguma","73924ADC-D8E3-4135-95EB-A9847EBB9D64","00000041",65,65,65,25,5,15,10,30,0,0
"EM0150_50_0","Guardian Doshaguma","C4FAD486-A987-4C82-8990-8C056E380942","00000037",55,60,45,25,5,20,15,5,100,100
"EM0150_50_0","Guardian Doshaguma","A3F36FA0-F72E-40D8-A892-5F88807D520B","00000026",38,38,25,25,5,15,10,5,0,0
"EM0150_50_0","Guardian Doshaguma","11B3ED89-C008-4C96-B76D-5A418B79786B","0000003C",60,60,65,20,5,5,20,30,0,0
"EM0150_50_0","Guardian Doshaguma","D67B517C-6153-4902-A13C-A606945F1A95","0000003C",60,60,65,20,5,5,20,30,0,0
"EM0150_50_0","Guardian Doshaguma","5306F24C-4FC6-4EF2-A19F-3D42BEDEBEED","00000028",40,35,35,10,5,15,20,5,0,0
"EM0150_50_0","Guardian Doshaguma","8FBD26C9-BA4C-4C6C-8EE5-FCB4DD0C16A6","00000028",40,35,35,10,5,10,20,5,0,0
"EM0150_50_0","Guardian Doshaguma","760C9CDD-40B8-489D-883B-C3F61C74839A","00000023",35,35,25,10,5,10,20,5,0,0
"EM0151_00_0","Balahara","1275237C-3EF4-4EC8-B6F4-C030EF2AAA79","00000050",80,80,75,10,0,20,5,5,0,0
"EM0151_00_0","Balahara","873545D8-A889-43DA-885B-491DC978792C","00000046",70,70,75,10,0,20,5,5,100,100
"EM0151_00_0","Balahara","E6FB7FFE-C97D-4DA4-9205-B2A00A73CAC3","0000003C",60,60,55,10,0,20,5,5,0,0
"EM0151_00_0","Balahara","25A76DC5-A6BA-4D0F-AC6B-AB017E9F0A4F","00000032",50,60,45,10,0,20,5,5,100,100
"EM0151_00_0","Balahara","42C6D6FD-8108-4931-B876-B5F93611380C","00000026",38,40,30,5,0,15,5,5,0,0
"EM0151_00_0","Balahara","E1604147-3519-4F6B-9E0F-F5FB05D361F1","0000002A",42,40,25,5,0,15,5,5,0,0
"EM0151_00_0","Balahara","E40078B1-5851-4AC0-81EC-BB758FAC94BF","00000023",35,38,25,5,0,15,5,5,0,0
"EM0151_00_0","Balahara","CFA7EE5F-C0C3-4813-A4D0-206F0539903A","00000037",55,45,45,10,0,15,5,5,0,0
"EM0152_00_0","Chatacabra","C7B4E5B1-4378-4784-B6FF-4B4BB88E770B","0000005A",90,90,95,10,5,30,15,0,100,0
"EM0152_00_0","Chatacabra","3B0BFDD3-365A-47DF-8A97-A48715B0C8E6","0000004B",75,75,75,10,5,30,15,0,100,100
"EM0152_00_0","Chatacabra","B6616049-8207-47CB-8479-D1EFCA664CAE","00000041",65,65,65,10,5,30,15,0,0,0
"EM0152_00_0","Chatacabra","59F4CF29-679F-4E85-ACA6-FD219A1B690F","0000003C",60,65,60,10,5,25,10,0,100,100
"EM0152_00_0","Chatacabra","93A201C5-5C79-4DBA-BF83-8E48874BA4C9","0000002D",45,45,45,10,5,20,15,0,0,0
"EM0152_00_0","Chatacabra","7992C44A-D70C-4ABD-8903-FA2E9B17B8AD","0000003C",60,60,65,5,5,15,10,0,0,0
"EM0152_00_0","Chatacabra","FD1E1A1E-93B0-44B5-9EC8-C249C5B9CFF7","0000003C",60,60,65,5,5,15,10,0,0,0
"EM0152_00_0","Chatacabra","6D469B4B-1B55-404B-81BB-83A20B83D2EF","0000002D",45,45,45,0,0,20,15,0,0,0
"EM0152_00_0","Chatacabra","32F31004-AD66-445E-9180-79571C760313","0000002D",45,45,45,0,0,20,15,0,0,0
"EM0152_00_0","Chatacabra","5DB8B9C6-955D-4704-99E4-A523F0CF1AD6","0000004B",75,75,75,10,5,25,15,0,0,0
"EM0152_00_0","Chatacabra","1486FCB9-9393-41B7-9C44-B79AED395932","0000004B",75,75,75,10,5,25,15,0,0,0
"EM0152_00_0","Chatacabra","A0C2EDB4-7543-48BA-83A1-16B4CDBF8D45","00000032",50,65,50,0,0,15,10,0,0,0
"EM0152_00_0","Chatacabra","71899A28-3143-4648-B9DA-2868266E7795","00000032",50,65,50,0,0,15,10,0,0,0
"EM0152_00_0","Chatacabra","6F3128FB-1433-4A6F-AD86-9200DDD32366","00000032",50,50,55,10,5,20,15,0,0,0
"EM0152_00_0","Chatacabra","E5DA42BE-4ED3-4F51-86A0-F40C0E1CA609","00000055",85,85,90,10,5,25,15,0,100,0
"EM0152_00_0","Chatacabra","19EF3B7D-4DD4-40CB-97B8-413AA20ED6DC","00000032",50,65,50,0,0,15,10,0,0,0
"EM0152_00_0","Chatacabra","71D1F767-DFB6-4963-8C4F-151B4000E095","00000032",50,65,50,0,0,15,10,0,0,0
"EM0152_00_0","Chatacabra","54D04986-86ED-4022-8430-D9EE1684F39B","00000037",55,70,55,0,5,15,10,0,0,0
"EM0152_00_0","Chatacabra","7835C52A-BC75-43CD-B14D-5EE7E547D488","00000037",55,70,55,0,5,15,10,0,0,0
"EM0152_00_0","Chatacabra","0DE787A4-0D55-4263-8924-F7BBEC396F81","00000050",80,80,80,0,0,15,10,0,0,0
"EM0153_00_0","Quematrice","369A8FF1-3611-4381-93C1-22010F041832","00000041",65,60,60,0,25,5,10,5,0,0
"EM0153_00_0","Quematrice","D06065BD-A7E4-4FD5-9E8E-1D845B65A5CD","00000050",80,80,70,0,20,5,10,5,0,0
"EM0153_00_0","Quematrice","E49D92D1-7C62-4E82-B8DE-BB3AF11ACD85","0000003C",60,65,60,0,20,5,10,5,100,100
"EM0153_00_0","Quematrice","66D68AFE-9A83-4B14-B3F8-CB862F578E1F","00000028",40,40,30,0,15,5,5,5,0,0
"EM0153_00_0","Quematrice","9D4CB2E4-4C3A-417C-8605-F3A7EDF1F7C7","00000028",40,35,35,0,15,5,5,5,0,0
"EM0153_00_0","Quematrice","57A5B44F-72B2-4C4A-B97B-2A3159A306C0","00000028",40,35,35,0,15,5,5,5,0,0
"EM0153_00_0","Quematrice","C01DB489-18D8-4C74-905D-696FCC2414AC","0000004B",75,75,75,0,30,15,20,5,100,100
"EM0153_00_0","Quematrice","22462F9E-D4BD-407F-9E39-702F1DC2B51D","00000041",65,65,65,0,25,15,15,5,0,0
"EM0154_00_0","Lala Barina","62243A45-D673-44F2-97EF-49B4B25A3903","00000037",55,60,50,20,0,10,5,0,100,100
"EM0154_00_0","Lala Barina","5A5E1DAF-9082-4861-80BA-FE03692204F4","00000028",40,40,30,15,0,10,5,0,0,0
"EM0154_00_0","Lala Barina","25011668-DE69-4233-98C4-B0269A617749","0000003C",60,60,50,25,0,10,5,0,0,0
"EM0154_00_0","Lala Barina","C996D52A-49C6-4A6E-8131-95744CC68829","0000002D",45,45,40,15,0,10,5,0,0,0
"EM0154_00_0","Lala Barina","37D7D8F4-EB12-4BD7-BA17-0EEFCC98C89F","0000002D",45,45,35,15,0,10,5,0,0,0
"EM0154_00_0","Lala Barina","B72F37E7-11BF-44EA-8A57-AB42B5FA3027","0000005A",90,90,90,25,0,10,5,0,0,0
"EM0154_00_0","Lala Barina","29C95A4A-28B3-451A-8068-7C9FC654BA23","00000046",70,70,65,20,0,10,5,0,100,100
"EM0154_00_0","Lala Barina","00D42570-58F0-4929-BA10-AE94F264982A","00000041",65,65,60,20,0,10,5,0,0,0
"EM0154_00_0","Lala Barina","2868DB17-D52A-4679-A7F5-0834ECA152F2","0000003C",60,60,50,25,0,10,5,0,0,0
"EM0155_00_0","Rompopolo","90FDE200-A257-4648-985A-921B0A0F0D56","0000003C",60,65,60,10,25,10,10,5,100,100
"EM0155_00_0","Rompopolo","CAE8C8C2-D0A3-4399-9CDE-6D5269F3A65C","00000023",35,35,35,5,15,5,5,5,0,0
"EM0155_00_0","Rompopolo","E2AEE3F1-34B4-40CF-A906-1EC34B83191E","00000037",55,55,45,10,20,10,10,5,0,0
"EM0155_00_0","Rompopolo","3B72A7B9-74F4-4E21-80DB-70432B2F15F3","00000028",40,40,40,5,15,5,5,5,0,0
"EM0155_00_0","Rompopolo","625770F7-6557-4959-AFFE-5F87B066C716","00000021",33,33,33,5,15,5,5,5,0,0
"EM0155_00_0","Rompopolo","6092C504-0E1A-4BFF-9E5C-E08D2AD8A26B","0000003C",60,60,60,10,25,10,10,5,0,0
"EM0155_00_0","Rompopolo","B5446F05-E72B-46DE-8F11-A868BB868F60","00000050",80,80,90,10,20,10,10,5,0,0
"EM0155_00_0","Rompopolo","92043B4B-9647-477A-A343-EF39111A8B43","00000046",70,75,70,10,25,10,10,5,100,100
"EM0155_00_0","Rompopolo","C142F4BC-AB82-40D3-8376-03B0DD352FDE","00000046",70,70,70,10,25,10,10,5,0,0
"EM0155_00_0","Rompopolo","F0295FA8-F6A1-4903-81A3-26F03D4F16A3","00000032",50,50,50,10,20,10,10,5,0,0
"EM0155_00_0","Rompopolo","0C6DFEA0-9AA4-4AC9-93D4-BEF207F97DA9","0000002D",45,45,45,10,20,10,10,5,100,100
"EM0155_00_0","Rompopolo","CDAE3DA3-5B61-4286-A434-1154042E9371","0000002D",45,45,45,10,20,10,10,5,0,0
"EM0155_00_0","Rompopolo","F0AABAD9-93E2-429C-B6B2-1FB9CFEE9771","0000002D",45,45,45,10,20,10,10,5,0,0
"EM0156_00_0","Rey Dau","059C6EFE-B9A1-42D1-BF7A-F6B5E86FAEC8","0000003C",60,65,50,5,15,0,20,5,100,100
"EM0156_00_0","Rey Dau","B3DDDC16-98B1-43CB-BE53-72F66EC70CDC","00000046",70,75,60,5,20,0,25,5,100,100
"EM0156_00_0","Rey Dau","3484AE2B-6DB1-4FE7-8E39-6C01AC2C6580","00000041",65,65,55,5,10,0,15,5,0,0
"EM0156_00_0","Rey Dau","1FC1A55D-C982-4065-96A0-9EC7FE72E34F","00000050",80,80,70,5,20,0,25,5,0,0
"EM0156_00_0","Rey Dau","0F35E88A-2160-4BD4-ADF4-719602FB15F5","0000002D",45,50,35,5,5,0,10,5,0,0
"EM0156_00_0","Rey Dau","140793AC-97C4-44FE-AEF7-F70E0D9C4244","0000001E",30,30,25,5,5,0,5,5,0,0
"EM0156_00_0","Rey Dau","1E6BD865-BA2B-4A7C-9A34-57750F7BB3D7","00000032",50,55,50,5,10,0,15,5,0,0
"EM0156_00_0","Rey Dau","BE0417E2-4E40-492F-8C01-778FA440EA65","0000002D",45,50,45,5,10,0,15,5,0,0
"EM0156_00_0","Rey Dau","C7A0C1E0-528C-4B2E-BBAE-A848A312EE7C","00000025",37,37,33,5,5,0,5,5,0,0
"EM0156_00_0","Rey Dau","4827C5CB-F679-4E61-98C0-5FE9A1A4A941","00000037",55,50,50,5,10,0,15,5,0,0
"EM0156_00_0","Rey Dau","A3206BC8-ADC7-40CC-9433-B6A1D3EEBD43","0000002D",45,40,45,5,5,0,10,5,0,0
"EM0157_00_0","Uth Duna","325BB1C0-06D3-4C85-98B5-F3D720D7AA3F","0000005A",90,90,86,15,0,25,5,5,100,100
"EM0157_00_0","Uth Duna","ABF6BDBA-ABA6-4EAC-BF41-93F28C1DCE63","00000058",88,90,88,15,0,25,5,5,100,100
"EM0157_00_0","Uth Duna","72E6ED78-AA8C-4BC0-865F-3D203E08253E","00000050",80,80,80,15,0,25,5,5,0,0
"EM0157_00_0","Uth Duna","EA698CF2-8E6C-48ED-B71E-BCBAD6873F08","00000028",40,60,50,10,0,20,5,5,100,100
"EM0157_00_0","Uth Duna","63B6B2BD-FC95-4E20-B69B-EE17BA3E1AB2","00000032",50,45,35,5,0,10,5,5,0,0
"EM0157_00_0","Uth Duna","BF6EFF34-06C0-486A-AA67-171B48CB95D1","00000041",65,65,55,10,0,15,5,5,0,0
"EM0157_00_0","Uth Duna","D9E38CAC-250D-4F03-A92C-F3D1DD520067","00000037",55,55,45,10,0,15,5,5,0,0
"EM0157_00_0","Uth Duna","3E17D2CA-C9EA-4409-8BDF-7E0509B0113A","0000002D",45,45,40,5,0,5,5,5,0,0
"EM0157_00_0","Uth Duna","5E53E02B-02A8-4551-A7F0-6C37BE5C260A","0000005A",90,60,60,0,0,25,0,0,0,0
"EM0158_00_0","Nu Udra","17884C6A-69CE-4F07-A27C-EF776844E6D0","00000046",70,75,50,0,15,10,5,10,100,0
"EM0158_00_0","Nu Udra","055AA560-AEB9-413F-8FA2-9AA2974EEDDB","0000003C",60,65,45,0,18,5,5,5,100,0
"EM0158_00_0","Nu Udra","C16AEB9F-DFF0-4642-A550-9D5D7E9DEC2B","00000041",65,70,48,0,20,5,5,10,100,0
"EM0158_00_0","Nu Udra","FBA3C158-45FD-41BB-94F4-25E85AA67EED","0000001E",30,43,25,0,15,10,5,10,0,0
"EM0158_00_0","Nu Udra","1F3E5F3A-64AA-4AF7-8BF3-0A78139697E5","00000019",25,35,20,0,18,5,5,5,0,0
"EM0158_00_0","Nu Udra","ABD73A74-0DEA-4299-8437-C37269412610","00000023",35,40,30,0,20,5,5,10,0,0
"EM0158_00_0","Nu Udra","DCDE97A0-EFE0-4A2D-9289-DB2DFA26A051","00000032",50,65,43,0,15,10,5,10,0,0
"EM0158_00_0","Nu Udra","78459441-F89E-4BDE-9510-A6B057F6DC10","0000002D",45,50,30,0,18,5,5,5,0,0
"EM0158_00_0","Nu Udra","4EEAA6FC-1773-48C6-BD39-43441158F515","00000030",48,53,35,0,20,5,5,10,0,0
"EM0158_00_0","Nu Udra","B6604374-C14E-4ECF-B9B5-79D2D695E6BB","00000037",55,48,48,0,15,10,5,10,0,0
"EM0158_00_0","Nu Udra","A22442B5-5C19-4277-A335-C675B2D3679C","0000002D",45,45,43,0,18,5,5,5,0,0
"EM0158_00_0","Nu Udra","3EED7035-DC06-463D-90EC-ABC436DBC970","00000030",48,45,45,0,20,5,5,10,0,0
"EM0158_00_0","Nu Udra","4DF82FB2-585D-41E0-9113-C00F920D57D0","00000050",80,80,80,0,20,5,5,10,100,0
"EM0158_00_0","Nu Udra","E397EF91-446A-4DA3-A909-BE2186C437FE","00000041",65,75,58,0,25,10,5,10,0,0
"EM0158_00_0","Nu Udra","1568BDD4-4396-4028-A88E-D26453212983","00000050",80,85,60,0,25,10,5,10,100,0
"EM0159_00_0","Ajarakan","C940B6DA-33B6-4041-A2D0-D1B1DAA74B17","0000005A",90,90,90,0,25,10,20,15,0,0
"EM0159_00_0","Ajarakan","9E6F8EEC-1908-4170-8409-D1B2F6DC0C7C","00000050",80,82,80,0,25,10,20,15,100,100
"EM0159_00_0","Ajarakan","5A2616FB-F375-48C0-A68F-B14FF6BEB90D","00000046",70,68,70,0,25,10,20,15,0,0
"EM0159_00_0","Ajarakan","6CE14EDD-9B25-4CB5-8FD7-732FFAC252CF","0000002D",45,45,40,0,20,5,15,10,100,100
"EM0159_00_0","Ajarakan","683968DF-772C-410E-A1DB-8FB5668B2EB8","00000032",50,50,45,0,25,5,15,10,0,0
"EM0159_00_0","Ajarakan","EAE653EA-F7EF-4195-BBBB-9DF38451EB36","00000032",50,50,45,0,20,5,15,10,100,100
"EM0159_00_0","Ajarakan","226661BC-62ED-47AF-8E32-D9BDF5403461","00000019",25,25,20,0,15,5,10,5,0,0
"EM0159_00_0","Ajarakan","46128272-BEC5-49E3-8EA2-E7438A9B1270","00000041",65,65,60,0,25,5,15,10,0,0
"EM0159_00_0","Ajarakan","32354BD7-4438-472C-9A5F-BD286B599DE7","0000002D",45,45,45,0,20,5,15,10,0,0
"EM0159_00_0","Ajarakan","BDC41930-93F2-459E-953F-E6B1314BCCFB","00000028",40,40,35,0,15,5,10,5,0,0
"EM0159_00_0","Ajarakan","1808629E-13C9-4157-AEC6-8C1C5120D990","0000001E",30,30,25,0,20,5,15,10,0,0
"EM0159_00_0","Ajarakan","C7CECF28-AC04-4DA9-B06E-075EF4BA0EEF","0000001E",30,30,25,0,15,5,10,5,0,0
"EM0159_00_0","Ajarakan","B64231B5-CB4C-4AD6-AEA7-C1991647B9F1","0000002D",45,45,45,0,15,5,10,5,0,0
"EM0159_00_0","Ajarakan","5F9BE57B-4179-41EB-B731-ADEF0937BA8B","00000000",0,0,0,0,0,0,0,0,0,0
"EM0160_00_0","Arkveld","943BDDCC-3C68-405E-B902-E7E5D98A48D2","0000002D",45,48,45,5,5,5,5,5,100,100
"EM0160_00_0","Arkveld","9C813E09-F147-4720-8A7D-E321498BF7B5","00000041",65,65,65,25,25,25,25,35,0,0
"EM0160_00_0","Arkveld","186F54F1-D2AE-4561-8CD8-D8B53084C408","0000001C",28,30,20,1,1,1,1,5,0,0
"EM0160_00_0","Arkveld","31840CAF-7399-496B-8D9C-423C8A6DC85F","0000002A",42,40,38,2,2,2,2,4,0,0
"EM0160_00_0","Arkveld","7B20887B-5471-4BB2-98BF-59B0A8F715F6","00000032",50,50,45,0,0,0,0,0,0,0
"EM0160_00_0","Arkveld","F0850CD0-C256-43C8-A02D-6FAD8D76B914","00000034",52,52,48,20,20,20,20,25,0,0
"EM0160_00_0","Arkveld","70967780-5553-4009-A326-918ACE854EB4","0000001A",26,25,20,2,2,2,2,4,0,0
"EM0160_00_0","Arkveld","737FFE93-F756-4E52-B351-2C4D18183007","0000002D",45,40,42,5,5,5,5,5,0,0
"EM0160_00_0","Arkveld","7FF98030-8C50-4AF3-A9F4-B446DFFAD119","00000041",65,68,62,5,5,10,5,15,100,100
"EM0160_00_0","Arkveld","3416AD9C-4455-40A9-9D25-E85FEA7591D7","00000046",70,70,68,30,30,30,30,38,0,0
"EM0160_00_0","Arkveld","8C824640-85A2-4120-8AF3-BBFB966326BE","0000003C",60,62,65,5,5,10,5,15,0,0
"EM0161_00_0","Hirabami","A55B06BF-DC04-4F37-BDE9-3AE2B4CA6891","0000004B",75,80,70,20,10,10,0,10,100,100
"EM0161_00_0","Hirabami","E49D98EF-10BA-4026-9A8D-EB24535C23B8","00000046",70,70,70,20,5,10,0,0,0,0
"EM0161_00_0","Hirabami","118B63BE-5A81-4F54-947D-6D42F7E72736","00000041",65,65,60,20,5,10,0,0,0,0
"EM0161_00_0","Hirabami","A8AF4E83-BEAE-4DA4-9542-B694769CA3F7","00000041",65,70,60,20,5,15,0,5,100,100
"EM0161_00_0","Hirabami","7E6D03E5-29B7-4404-A57E-83A7699A66EC","00000037",55,70,45,20,10,20,0,10,100,100
"EM0161_00_0","Hirabami","361F897E-8592-4B26-ACB3-2074FA5B0340","00000028",40,35,30,10,5,10,0,5,0,0
"EM0161_00_0","Hirabami","1306ECD0-6180-4D52-BF51-1C8CB7E6D257","0000002D",45,45,40,10,5,10,0,5,0,0
"EM0161_00_0","Hirabami","CD53BDBC-3735-4CA3-8187-A6E1CE4526FB","0000002D",45,45,40,10,5,10,0,5,0,0
"EM0161_00_0","Hirabami","D86975B9-6056-494F-9750-82DDBD2015FA","00000032",50,45,45,20,5,10,0,5,0,0
"EM0162_00_0","Jin Dahaad","00CFAF88-DFDE-4B44-B2CE-8949F4C4D71C","00000041",65,65,45,20,5,5,0,5,100,0
"EM0162_00_0","Jin Dahaad","9136A45F-182B-4BA6-B2CB-95371154CD89","0000005F",95,95,50,20,5,5,0,5,0,0
"EM0162_00_0","Jin Dahaad","F43F680F-0599-4A37-AA26-B09682E2B6E7","0000004B",75,75,50,20,5,5,0,5,0,0
"EM0162_00_0","Jin Dahaad","235E6BBC-DB19-4997-B6CB-EA194FF53FD3","0000003C",60,60,45,10,5,5,0,5,100,0
"EM0162_00_0","Jin Dahaad","E975D298-2729-4C06-98DC-6009893BEF53","0000001E",30,30,20,5,5,5,0,5,0,0
"EM0162_00_0","Jin Dahaad","15C7D032-36D0-4566-9402-98C13C9C9701","0000002D",45,45,30,5,5,5,0,5,0,0
"EM0162_00_0","Jin Dahaad","F7A155CD-7043-4B75-9B6C-5A19CB259839","0000002D",45,45,30,5,5,5,0,5,0,0
"EM0162_00_0","Jin Dahaad","FAD07AA5-94FD-43D5-85AF-36EB78CD4552","00000037",55,55,45,10,5,5,0,5,0,0
"EM0162_00_0","Jin Dahaad","E11D10C9-DCAC-4FF5-95B7-70502D04AC0D","0000004B",75,75,45,10,5,5,0,5,0,0
"EM0162_00_0","Jin Dahaad","DE427AA9-4771-4FF4-A76C-19BF493C564E","00000001",1,1,1,0,0,0,0,0,0,0
"EM0162_00_0","Jin Dahaad","B92141E7-1E19-4865-B424-5A2435996C1B","0000004B",75,75,50,25,5,5,0,5,100,100
"EM0162_00_0","Jin Dahaad","0EF5E4BB-062E-4845-9A41-3C606E3BA740","00000055",85,85,50,25,5,5,0,5,0,0
"EM0162_00_0","Jin Dahaad","66CC040C-78B6-4E40-B5F0-817B537B260A","0000003C",60,60,50,15,5,5,0,5,0,0
"EM0162_00_0","Jin Dahaad","A4298FBD-3CA5-45F2-AF68-83602DCB8C37","00000037",55,55,45,10,5,5,0,5,0,0
"EM0163_00_0","Xu Wu","9B0DF9BE-4D3D-4598-8BB1-F2CD90D3A524","00000046",70,65,50,5,3,5,25,0,100,0
"EM0163_00_0","Xu Wu","63DDFF6B-6849-4E03-AD01-D2BD2C0F95E5","0000001E",30,50,20,10,5,10,30,0,0,0
"EM0163_00_0","Xu Wu","DC763288-0926-4617-BA5B-38FA6C02B96D","00000032",50,45,30,5,3,5,25,0,0,0
"EM0163_00_0","Xu Wu","77B839ED-4F51-477B-8EE8-0A2078EBF9B0","00000064",100,100,70,15,10,15,45,0,0,0
"EM0163_00_0","Xu Wu","5883C233-ACC8-4B94-BA64-9D1E8340EAB7","0000003C",60,60,55,5,3,5,30,0,0,0
"EM0163_00_0","Xu Wu","4CDDE6DA-F8E3-4241-9CC4-34CD5BCDB701","00000050",80,80,60,5,3,5,30,0,100,0
"EM0164_50_0","Zoh Shia","FC6A4782-F602-4D95-891F-858BBC459D8A","00000064",100,100,100,10,5,5,5,20,0,0
"EM0164_50_0","Zoh Shia","7C96A6EA-7701-4F93-B7DE-1EACCC40C78F","0000003C",60,65,60,10,5,5,5,20,100,0
"EM0164_50_0","Zoh Shia","1DF0F5F9-D034-4662-837A-2C4B3AD385AC","00000046",70,75,70,10,5,5,5,20,100,0
"EM0164_50_0","Zoh Shia","C4B246F4-9E3F-44C4-8E4E-0D9D73568519","00000041",65,70,65,15,5,5,10,30,100,0
"EM0164_50_0","Zoh Shia","C65B9531-21C3-4DE9-A455-867F9296906C","0000004B",75,80,75,15,5,5,10,30,100,0
"EM0164_50_0","Zoh Shia","243E7CCB-1134-4A58-AD25-2A3210CF1345","0000001E",30,30,40,5,5,5,5,30,0,0
"EM0164_50_0","Zoh Shia","D8E87426-4500-40D3-B496-56E4F8BEB60B","00000019",25,25,5,5,5,5,5,10,0,0
"EM0164_50_0","Zoh Shia","C3919613-CE94-48E1-B2C0-AAEA350E75B0","0000002D",45,45,45,10,5,5,5,15,0,0
"EM0164_50_0","Zoh Shia","E7AA9082-A9C8-4D7A-83E2-70729AA02949","00000019",25,25,25,5,5,5,5,10,0,0
"EM0164_50_0","Zoh Shia","91BE8771-6705-4937-B862-81DED5B7DC08","00000050",80,80,55,10,5,5,5,20,0,0
"EM0164_50_0","Zoh Shia","0F7F88E9-B50A-45B5-A4E4-D9C57474DE35","0000005A",90,90,65,10,5,5,5,20,0,0
"EM0164_50_0","Zoh Shia","604CC9C5-ECA3-40C5-B3FC-C0D1176404B9","00000055",85,85,60,20,5,5,15,30,0,0
"EM0164_50_0","Zoh Shia","C7FE7B34-8B9B-4762-9622-417FBB03460E","0000005F",95,95,70,20,5,5,15,30,0,0
"EM0164_50_0","Zoh Shia","FF31E218-2568-4E76-9DFA-B1BA8C1DBDC3","00000023",35,35,40,10,5,5,5,10,0,0
"EM0164_50_0","Zoh Shia","F47EBE32-C14A-4A55-AE55-3645E83B3E32","0000003C",60,60,60,10,5,5,5,20,0,0
"EM0164_50_0","Zoh Shia","AEC830DD-A4F7-4A84-9EF1-4E9C9DE27694","00000023",35,35,45,15,5,5,10,30,0,0
"EM0164_50_0","Zoh Shia","A6AB1DD7-0FF8-4B37-AEDC-350A8954AF64","0000001E",30,30,10,10,5,5,5,20,0,0
"EM0164_50_0","Zoh Shia","BDF4C5CC-54F5-4534-814A-B55EDD9F8406","00000032",50,50,50,15,5,5,10,20,0,0
"EM0164_50_0","Zoh Shia","28E7FE6D-25E6-49E2-A94F-2C264A39DC7B","00000028",40,40,40,10,5,5,5,20,0,0
"EM0164_50_0","Zoh Shia","8CBC26BF-64B8-4656-852F-E2C2195B9A19","0000002D",45,45,45,10,5,5,5,30,0,0
"EM0164_50_0","Zoh Shia","A5487440-DA5D-4063-94B6-C0A60494C002","0000003C",60,60,60,15,5,5,10,30,0,0
"EM0164_50_0","Zoh Shia","B03D9A53-7D11-492B-AFAD-DCACE8E3CE18","00000028",40,45,45,10,5,5,5,15,100,0
"EM0164_50_0","Zoh Shia","B9C0BAB2-500D-4101-84AE-0E8EF7AF3DD1","00000028",40,40,10,10,5,5,5,15,0,0
"EM0164_50_0","Zoh Shia","5118A879-98DC-4E70-8CA7-EF9675C769E1","0000003C",60,60,50,5,5,5,5,10,0,0
"EM0164_50_0","Zoh Shia","997DB803-ABC6-4552-A789-6EA9A96C3AFF","00000041",65,65,55,5,5,5,5,10,0,0
"EM0165_00_0","High Purrformance Barrel Puncher","8FAFED7A-3234-42A4-8DAD-5234A674C5F7","00000028",40,40,40,15,15,15,15,15,100,0
"EM0165_00_0","High Purrformance Barrel Puncher","84959762-606F-4799-8094-F36AD95108BD","00000050",80,80,80,30,30,30,30,30,100,0
"EM0165_00_0","High Purrformance Barrel Puncher","CB5F9C79-592C-4A44-91FF-F56E520DEE82","00000014",20,20,20,5,5,5,5,5,0,0
"EM0165_00_0","High Purrformance Barrel Puncher","45359A63-746B-45DE-9491-B09B2636C8E0","0000003C",60,60,60,20,20,20,20,20,0,0
"EM0165_00_0","High Purrformance Barrel Puncher","97207F9A-392F-441E-966B-0F51A86E4AA7","00000028",40,40,40,15,15,15,15,15,0,0
"EM0165_00_0","High Purrformance Barrel Puncher","7E204BA5-9958-4F46-984B-2BB99B75026A","00000064",100,100,100,30,30,30,30,30,100,0