"Monster ID","Monster","Vital","Kinsect Extract","Meat GUID Normal","Meat GUID Break","Meat GUID Custom 1","Meat GUID Custom 2","Meat GUID Custom 3","Parts Type Raw","Parts Type","Enable Parts Vital Raw","Enable Parts Vital"
"EM0001_00_0","Rathian",440,"RED","BFDD2F8C-62F3-4A4E-8845-54774A4E1581","00000000-0000-0000-0000-000000000000","00000000-0000-0000-0000-000000000000","00000000-0000-0000-0000-000000000000","00000000-0000-0000-0000-000000000000","F35CC1C0","HEAD","00000001",true
"EM0001_00_0","Rathian",300,"ORANGE","EA992FC0-D940-4407-BA50-6961DA022CF0","00000000-0000-0000-0000-000000000000","00000000-0000-0000-0000-000000000000","00000000-0000-0000-0000-000000000000","00000000-0000-0000-0000-000000000000","48203000","TORSO","00000001",true
"EM0001_00_0","Rathian",350,"ORANGE","1EC5415B-351E-4CBA-86BB-25DA6C845817","00000000-0000-0000-0000-000000000000","00000000-0000-0000-0000-000000000000","00000000-0000-0000-0000-000000000000","00000000-0000-0000-0000-000000000000","2B996300","LEFT_LEG","00000001",true
"EM0001_00_0","Rathian",350,"ORANGE","1EC5415B-351E-4CBA-86BB-25DA6C845817","00000000-0000-0000-0000-000000000000","00000000-0000-0000-0000-000000000000","00000000-0000-0000-0000-000000000000","00000000-0000-0000-0000-000000000000","F7885CF0","RIGHT_LEG","00000001",true
"EM0001_00_0","Rathian",440,"GREEN","7CDFDD7B-01F7-440E-AFBD-1075A5F5F50A","00000000-0000-0000-0000-000000000000","00000000-0000-0000-0000-000000000000","00000000-0000-0000-0000-000000000000","00000000-0000-0000-0000-000000000000","773B3D00","TAIL","00000001",true
"EM0001_00_0","Rathian",300,"WHITE","3AB19D62-2279-4E2D-B2E1-F7FD09288887","00000000-0000-0000-0000-000000000000","00000000-0000-0000-0000-000000000000","00000000-0000-0000-0000-000000000000","00000000-0000-0000-0000-000000000000","F1A78A40","LEFT_WING","00000001",true
"EM0001_00_0","Rathian",300,"WHITE","3AB19D62-2279-4E2D-B2E1-F7FD09288887","00000000-0000-0000-0000-000000000000","00000000-0000-0000-0000-000000000000","00000000-0000-0000-0000-000000000000","00000000-0000-0000-0000-000000000000","27A982C0","RIGHT_WING","00000001",true
"EM0002_00_0","Rathalos",500,"RED","1AD34298-33E0-4458-847E-F45FF02E5039","00000000-0000-0000-0000-000000000000","00000000-0000-0000-0000-000000000000","00000000-0000-0000-0000-000000000000","00000000-0000-0000-0000-000000000000","F35CC1C0","HEAD","00000001",true
"EM0002_00_0","Rathalos",500,"ORANGE","E4A2346E-C73D-4E25-B58C-244B62461A98","00000000-0000-0000-0000-000000000000","00000000-0000-0000-0000-000000000000","00000000-0000-0000-0000-000000000000","00000000-0000-0000-0000-000000000000","A8970500","NECK","00000001",true
"EM0002_00_0","Rathalos",300,"ORANGE","4DF9FE96-F1F6-4FFF-A8D4-11A5FC41763D","00000000-0000-0000-0000-000000000000","00000000-0000-0000-0000-000000000000","00000000-0000-0000-0000-000000000000","00000000-0000-0000-0000-000000000000","48203000","TORSO","00000001",true
"EM0002_00_0","Rathalos",520,"ORANGE","959095AE-9A1E-4CF8-874A-AE67FF818D00","00000000-0000-0000-0000-000000000000","00000000-0000-0000-0000-000000000000","00000000-0000-0000-0000-000000000000","00000000-0000-0000-0000-000000000000","F1A78A40","LEFT_WING","00000001",true
"EM0002_00_0","Rathalos",520,"ORANGE","959095AE-9A1E-4CF8-874A-AE67FF818D00","00000000-0000-0000-0000-000000000000","00000000-0000-0000-0000-000000000000","00000000-0000-0000-0000-000000000000","00000000-0000-0000-0000-000000000000","27A982C0","RIGHT_WING","00000001",true
"EM0002_00_0","Rathalos",300,"WHITE","26F5C3B5-86B4-4C2B-92D5-96EFC100F58F","00000000-0000-0000-0000-000000000000","00000000-0000-0000-0000-000000000000","00000000-0000-0000-0000-000000000000","00000000-0000-0000-0000-000000000000","2B996300","LEFT_LEG","00000001",true
"EM0002_00_0","Rathalos",300,"WHITE","26F5C3B5-86B4-4C2B-92D5-96EFC100F58F","00000000-0000-0000-0000-000000000000","00000000-0000-0000-0000-000000000000","00000000-0000-0000-0000-000000000000","00000000-0000-0000-0000-000000000000","F7885CF0","RIGHT_LEG","00000001",true
"EM0002_00_0","Rathalos",520,"GREEN","E66D7482-E9F8-40EA-B1A2-8FDC5ABC9690","00000000-0000-0000-0000-000000000000","00000000-0000-0000-0000-000000000000","00000000-0000-0000-0000-000000000000","00000000-0000-0000-0000-000000000000","773B3D00","TAIL","00000001",true
"EM0002_00_0","Rathalos",5.937772429628263e-39,"RED","1AD34298-33E0-4458-847E-F45FF02E5039","00000000-0000-0000-0000-000000000000","00000000-0000-0000-0000-000000000000","00000000-0000-0000-0000-000000000000","00000000-0000-0000-0000-000000000000","00006DED","HIDE","00000000",false
"EM0002_50_0","Guardian Rathalos",290,"RED","3CBDFA07-D923-42D0-A22C-582E829A6854","00000000-0000-0000-0000-000000000000","00000000-0000-0000-0000-000000000000","00000000-0000-0000-0000-000000000000","00000000-0000-0000-0000-000000000000","F35CC1C0","HEAD","00000000",false
"EM0002_50_0","Guardian Rathalos",5.937772429628263e-39,"RED","22838987-31B8-446A-87D9-2E58D52480DC","00000000-0000-0000-0000-000000000000","00000000-0000-0000-0000-000000000000","00000000-0000-0000-0000-000000000000","00000000-0000-0000-0000-000000000000","A8970500","NECK","00000000",false
"EM0002_50_0","Guardian Rathalos",9999,"ORANGE","598DF7D7-439D-488C-8905-14BA72D6E15A","00000000-0000-0000-0000-000000000000","00000000-0000-0000-0000-000000000000","00000000-0000-0000-0000-000000000000","00000000-0000-0000-0000-000000000000","48203000","TORSO","00000000",false
"EM0002_50_0","Guardian Rathalos",400,"WHITE","6C059238-94C4-4265-A60F-9240B297FFBD","00000000-0000-0000-0000-000000000000","00000000-0000-0000-0000-000000000000","00000000-0000-0000-0000-000000000000","00000000-0000-0000-0000-000000000000","F1A78A40","LEFT_WING","00000001",true
"EM0002_50_0","Guardian Rathalos",400,"WHITE","6C059238-94C4-4265-A60F-9240B297FFBD","00000000-0000-0000-0000-000000000000","00000000-0000-0000-0000-000000000000","00000000-0000-0000-0000-000000000000","00000000-0000-0000-0000-000000000000","27A982C0","RIGHT_WING","00000001",true
"EM0002_50_0","Guardian Rathalos",230,"ORANGE","CB2EEC40-2BD4-4F07-A871-371ACD006DB7","00000000-0000-0000-0000-000000000000","00000000-0000-0000-0000-000000000000","00000000-0000-0000-0000-000000000000","00000000-0000-0000-0000-000000000000","2B996300","LEFT_LEG","00000000",false
"EM0002_50_0","Guardian Rathalos",230,"ORANGE","CB2EEC40-2BD4-4F07-A871-371ACD006DB7","00000000-0000-0000-0000-000000000000","00000000-0000-0000-0000-000000000000","00000000-0000-0000-0000-000000000000","00000000-0000-0000-0000-000000000000","F7885CF0","RIGHT_LEG","00000000",false
"EM0002_50_0","Guardian Rathalos",9999,"GREEN","34AA3FB5-5C4F-4FAA-9BB3-BBC8CB542092","00000000-0000-0000-0000-000000000000","00000000-0000-0000-0000-000000000000","00000000-0000-0000-0000-000000000000","00000000-0000-0000-0000-000000000000","773B3D00","TAIL","00000000",false
"EM0005_00_0","Gravios",400,"RED","6CD38FFF-6C94-4CB6-A008-1316D2584840","52C132D5-1128-4B20-A172-C26B98593A0D","00000000-0000-0000-0000-000000000000","00000000-0000-0000-0000-000000000000","00000000-0000-0000-0000-000000000000","F35CC1C0","HEAD","00000001",true
"EM0005_00_0","Gravios",400,"ORANGE","E3116350-B156-4ADF-A042-2A43E60B9610","00000000-0000-0000-0000-000000000000","00000000-0000-0000-0000-000000000000","00000000-0000-0000-0000-000000000000","00000000-0000-0000-0000-000000000000","A8970500","NECK","00000001",true
"EM0005_00_0","Gravios",300,"ORANGE","64FDE6E8-6C84-4A56-8C0F-ED6895803772","8123AB2C-F57B-477E-92A1-6E240086A131","00000000-0000-0000-0000-000000000000","00000000-0000-0000-0000-000000000000","00000000-0000-0000-0000-000000000000","5F936200","STOMACH","00000001",true
"EM0005_00_0","Gravios",200,"ORANGE","560381F6-C62F-48E3-8743-F86F5398EEEA","2DFBDE05-ADF6-4E7E-8507-2DA8AB94CFAB","00000000-0000-0000-0000-000000000000","00000000-0000-0000-0000-000000000000","00000000-0000-0000-0000-000000000000","0113E302","BACK","00000001",true
"EM0005_00_0","Gravios",400,"GREEN","972DAC12-97F8-4B5F-8766-7EAE1FC6EF4D","00000000-0000-0000-0000-000000000000","00000000-0000-0000-0000-000000000000","00000000-0000-0000-0000-000000000000","00000000-0000-0000-0000-000000000000","773B3D00","TAIL","00000001",true
"EM0005_00_0","Gravios",200,"WHITE","DBB77BE2-9CC4-4413-B9A2-F9CF6BB34176","50596DA7-0739-429F-934A-1864727E0839","00000000-0000-0000-0000-000000000000","00000000-0000-0000-0000-000000000000","00000000-0000-0000-0000-000000000000","2B996300","LEFT_LEG","00000001",true
"EM0005_00_0","Gravios",200,"WHITE","DBB77BE2-9CC4-4413-B9A2-F9CF6BB34176","F352233F-66DF-41C6-B9C9-AB1A91D3F111","00000000-0000-0000-0000-000000000000","00000000-0000-0000-0000-000000000000","00000000-0000-0000-0000-000000000000","F7885CF0","RIGHT_LEG","00000001",true
"EM0005_00_0","Gravios",140,"ORANGE","9560F586-F856-44B6-8FE4-6B1EEAF3C9E2","45C4684D-A336-43E8-962F-48FD353DB943","00000000-0000-0000-0000-000000000000","00000000-0000-0000-0000-000000000000","00000000-0000-0000-0000-000000000000","F1A78A40","LEFT_WING","00000001",true
"EM0005_00_0","Gravios",140,"ORANGE","9560F586-F856-44B6-8FE4-6B1EEAF3C9E2","8A6AA5C4-5F61-4CBB-952F-EBF3ED3C9640","00000000-0000-0000-0000-000000000000","00000000-0000-0000-0000-000000000000","00000000-0000-0000-0000-000000000000","27A982C0","RIGHT_WING","00000001",true
"EM0008_00_0","Yian Kut-Ku",520,"RED","3E613089-DC0F-45FC-8742-C1EE7492E4DD","00000000-0000-0000-0000-000000000000","00000000-0000-0000-0000-000000000000","00000000-0000-0000-0000-000000000000","00000000-0000-0000-0000-000000000000","F35CC1C0","HEAD","00000001",true
"EM0008_00_0","Yian Kut-Ku",9999,"RED","2DC0D77F-50F5-41EA-B26F-3B9D0845C773","00000000-0000-0000-0000-000000000000","00000000-0000-0000-0000-000000000000","00000000-0000-0000-0000-000000000000","00000000-0000-0000-0000-000000000000","A8970500","NECK","00000000",false
"EM0008_00_0","Yian Kut-Ku",240,"ORANGE","3BB1A9E4-48C0-43FA-8473-92330878F89F","00000000-0000-0000-0000-000000000000","00000000-0000-0000-0000-000000000000","00000000-0000-0000-0000-000000000000","00000000-0000-0000-0000-000000000000","48203000","TORSO","00000001",true
"EM0008_00_0","Yian Kut-Ku",340,"GREEN","3CF1CD4D-8974-4D79-9AC7-91F8E744DAE5","00000000-0000-0000-0000-000000000000","00000000-0000-0000-0000-000000000000","00000000-0000-0000-0000-000000000000","00000000-0000-0000-0000-000000000000","773B3D00","TAIL","00000001",true
"EM0008_00_0","Yian Kut-Ku",220,"ORANGE","F651BBF6-2208-45E4-BBD4-E11CF9092E2E","00000000-0000-0000-0000-000000000000","00000000-0000-0000-0000-000000000000","00000000-0000-0000-0000-000000000000","00000000-0000-0000-0000-000000000000","F7885CF0","RIGHT_LEG","00000001",true
"EM0008_00_0","Yian Kut-Ku",220,"ORANGE","F651BBF6-2208-45E4-BBD4-E11CF9092E2E","00000000-0000-0000-0000-000000000000","00000000-0000-0000-0000-000000000000","00000000-0000-0000-0000-000000000000","00000000-0000-0000-0000-000000000000","2B996300","LEFT_LEG","00000001",true
"EM0008_00_0","Yian Kut-Ku",300,"WHITE","8222F4F8-24AB-4F9C-9DB4-E5D507DF85A5","00000000-0000-0000-0000-000000000000","00000000-0000-0000-0000-000000000000","00000000-0000-0000-0000-000000000000","00000000-0000-0000-0000-000000000000","27A982C0","RIGHT_WING","00000001",true
"EM0008_00_0","Yian Kut-Ku",300,"WHITE","8222F4F8-24AB-4F9C-9DB4-E5D507DF85A5","00000000-0000-0000-0000-000000000000","00000000-0000-0000-0000-000000000000","00000000-0000-0000-0000-000000000000","00000000-0000-0000-0000-000000000000","F1A78A40","LEFT_WING","00000001",true
"EM0009_00_0","Gypceros",440,"RED","343EEBFF-206C-4CAA-8766-406A1A90F8A2","00000000-0000-0000-0000-000000000000","00000000-0000-0000-0000-000000000000","00000000-0000-0000-0000-000000000000","00000000-0000-0000-0000-000000000000","F35CC1C0","HEAD","00000001",true
"EM0009_00_0","Gypceros",240,"GREEN","103CE360-7AEE-4E82-A673-C24CD1F43445","00000000-0000-0000-0000-000000000000","00000000-0000-0000-0000-000000000000","00000000-0000-0000-0000-000000000000","00000000-0000-0000-0000-000000000000","A8970500","NECK","00000000",false
"EM0009_00_0","Gypceros",240,"ORANGE","056195CA-F0D4-4DB2-BA76-D66CA7E0D05F","00000000-0000-0000-0000-000000000000","00000000-0000-0000-0000-000000000000","00000000-0000-0000-0000-000000000000","00000000-0000-0000-0000-000000000000","48203000","TORSO","00000001",true
"EM0009_00_0","Gypceros",220,"WHITE","7FB0F8FE-19CD-4154-915C-94713BDEBE07","00000000-0000-0000-0000-000000000000","00000000-0000-0000-0000-000000000000","00000000-0000-0000-0000-000000000000","00000000-0000-0000-0000-000000000000","2B996300","LEFT_LEG","00000001",true
"EM0009_00_0","Gypceros",220,"WHITE","7FB0F8FE-19CD-4154-915C-94713BDEBE07","00000000-0000-0000-0000-000000000000","00000000-0000-0000-0000-000000000000","00000000-0000-0000-0000-000000000000","00000000-0000-0000-0000-000000000000","F7885CF0","RIGHT_LEG","00000001",true
"EM0009_00_0","Gypceros",440,"GREEN","0284682D-63DF-4FF2-9023-EA9561E8C3DC","00000000-0000-0000-0000-000000000000","00000000-0000-0000-0000-000000000000","00000000-0000-0000-0000-000000000000","00000000-0000-0000-0000-000000000000","773B3D00","TAIL","00000001",true
"EM0009_00_0","Gypceros",180,"WHITE","E6DFD025-55FF-4459-97B5-91D100DD18C7","00000000-0000-0000-0000-000000000000","00000000-0000-0000-0000-000000000000","00000000-0000-0000-0000-000000000000","00000000-0000-0000-0000-000000000000","F1A78A40","LEFT_WING","00000001",true
"EM0009_00_0","Gypceros",180,"WHITE","E6DFD025-55FF-4459-97B5-91D100DD18C7","00000000-0000-0000-0000-000000000000","00000000-0000-0000-0000-000000000000","00000000-0000-0000-0000-000000000000","00000000-0000-0000-0000-000000000000","27A982C0","RIGHT_WING","00000001",true
"EM0021_00_0","Congalala",600,"RED","BBF61AB4-90C3-4369-BCF2-E10923F0B80A","00000000-0000-0000-0000-000000000000","00000000-0000-0000-0000-000000000000","00000000-0000-0000-0000-000000000000","00000000-0000-0000-0000-000000000000","F35CC1C0","HEAD","00000001",true
"EM0021_00_0","Congalala",300,"ORANGE","D69BE177-C28C-411A-B65A-1C517D9866C8","00000000-0000-0000-0000-000000000000","00000000-0000-0000-0000-000000000000","00000000-0000-0000-0000-000000000000","00000000-0000-0000-0000-000000000000","48203000","TORSO","00000001",true
"EM0021_00_0","Congalala",300,"WHITE","46398EBD-E8A5-46DC-8513-476F514E7E85","00000000-0000-0000-0000-000000000000","00000000-0000-0000-0000-000000000000","00000000-0000-0000-0000-000000000000","00000000-0000-0000-0000-000000000000","CAD67C00","LEFT_FRONT_LEG","00000001",true
"EM0021_00_0","Congalala",300,"WHITE","46398EBD-E8A5-46DC-8513-476F514E7E85","00000000-0000-0000-0000-000000000000","00000000-0000-0000-0000-000000000000","00000000-0000-0000-0000-000000000000","00000000-0000-0000-0000-000000000000","72787900","RIGHT_FRONT_LEG","00000001",true
"EM0021_00_0","Congalala",300,"WHITE","2CD8BDA9-09A4-44A2-A1A8-423EC9946D73","00000000-0000-0000-0000-000000000000","00000000-0000-0000-0000-000000000000","00000000-0000-0000-0000-000000000000","00000000-0000-0000-0000-000000000000","1221F280","LEFT_HIND_LEG","00000001",true
"EM0021_00_0","Congalala",300,"WHITE","2CD8BDA9-09A4-44A2-A1A8-423EC9946D73","00000000-0000-0000-0000-000000000000","00000000-0000-0000-0000-000000000000","00000000-0000-0000-0000-000000000000","00000000-0000-0000-0000-000000000000","23410BC0","RIGHT_HIND_LEG","00000001",true
"EM0021_00_0","Congalala",300,"WHITE","BD7F6605-05F3-4405-994F-812A89F64E76","00000000-0000-0000-0000-000000000000","00000000-0000-0000-0000-000000000000","00000000-0000-0000-0000-000000000000","00000000-0000-0000-0000-000000000000","773B3D00","TAIL","00000001",true
"EM0022_00_0","Blangonga",400,"RED","2BFD287F-CCCF-458E-8B50-BCF66BD2E033","00000000-0000-0000-0000-000000000000","00000000-0000-0000-0000-000000000000","00000000-0000-0000-0000-000000000000","00000000-0000-0000-0000-000000000000","F35CC1C0","HEAD","00000001",true
"EM0022_00_0","Blangonga",300,"RED","2BFD287F-CCCF-458E-8B50-BCF66BD2E033","00000000-0000-0000-0000-000000000000","00000000-0000-0000-0000-000000000000","00000000-0000-0000-0000-000000000000","00000000-0000-0000-0000-000000000000","F35CC1C0","HEAD","00000001",true
"EM0022_00_0","Blangonga",200,"ORANGE","A4FEC738-D640-4AD4-85DF-A8B843B5F8CA","00000000-0000-0000-0000-000000000000","00000000-0000-0000-0000-000000000000","00000000-0000-0000-0000-000000000000","00000000-0000-0000-0000-000000000000","48203000","TORSO","00000001",true
"EM0022_00_0","Blangonga",300,"RED","2C832031-BD4F-4CB9-A778-E2F03A88FA12","00000000-0000-0000-0000-000000000000","00000000-0000-0000-0000-000000000000","00000000-0000-0000-0000-000000000000","00000000-0000-0000-0000-000000000000","CAD67C00","LEFT_FRONT_LEG","00000001",true
"EM0022_00_0","Blangonga",300,"RED","2C832031-BD4F-4CB9-A778-E2F03A88FA12","00000000-0000-0000-0000-000000000000","00000000-0000-0000-0000-000000000000","00000000-0000-0000-0000-000000000000","00000000-0000-0000-0000-000000000000","72787900","RIGHT_FRONT_LEG","00000001",true
"EM0022_00_0","Blangonga",300,"WHITE","010026BF-521A-48B7-B9BE-508F15F2DF91","00000000-0000-0000-0000-000000000000","00000000-0000-0000-0000-000000000000","00000000-0000-0000-0000-000000000000","00000000-0000-0000-0000-000000000000","1221F280","LEFT_HIND_LEG","00000001",true
"EM0022_00_0","Blangonga",300,"WHITE","010026BF-521A-48B7-B9BE-508F15F2DF91","00000000-0000-0000-0000-000000000000","00000000-0000-0000-0000-000000000000","00000000-0000-0000-0000-000000000000","00000000-0000-0000-0000-000000000000","23410BC0","RIGHT_HIND_LEG","00000001",true
"EM0022_00_0","Blangonga",300,"GREEN","731764EB-44BA-4AD0-B47D-37F95C2EABB7","00000000-0000-0000-0000-000000000000","00000000-0000-0000-0000-000000000000","00000000-0000-0000-0000-000000000000","00000000-0000-0000-0000-000000000000","773B3D00","TAIL","00000001",true
"EM0070_00_0","Nerscylla",360,"RED","041B986E-8267-4046-8948-43878C7C0AF2","14E9146C-22FB-4BC6-BB0F-D1E6E56513A6","00000000-0000-0000-0000-000000000000","00000000-0000-0000-0000-000000000000","00000000-0000-0000-0000-000000000000","F35CC1C0","HEAD","00000001",true
"EM0070_00_0","Nerscylla",400,"ORANGE","B733589F-BD85-4484-8348-A90A68E3E29A","D9211624-AC96-4597-A9C4-1C469929FE02","00000000-0000-0000-0000-000000000000","00000000-0000-0000-0000-000000000000","00000000-0000-0000-0000-000000000000","48203000","TORSO","00000001",true
"EM0070_00_0","Nerscylla",400,"ORANGE","D861B242-54AC-44E4-8810-7AF1C6358B9B","FBAB16BB-1688-4CFE-AA8A-746ED04B53B5","00000000-0000-0000-0000-000000000000","00000000-0000-0000-0000-000000000000","00000000-0000-0000-0000-000000000000","5F936200","STOMACH","00000001",true
"EM0070_00_0","Nerscylla",50,"RED","1B5E2D05-957B-4D29-9CE8-BD818A9A212D","7DDE0A84-4707-4F09-BDAF-4ABF9C16BECF","00000000-0000-0000-0000-000000000000","00000000-0000-0000-0000-000000000000","00000000-0000-0000-0000-000000000000","685DCC80","LEFT_NAIL","00000001",true
"EM0070_00_0","Nerscylla",50,"RED","1B5E2D05-957B-4D29-9CE8-BD818A9A212D","7DDE0A84-4707-4F09-BDAF-4ABF9C16BECF","00000000-0000-0000-0000-000000000000","00000000-0000-0000-0000-000000000000","00000000-0000-0000-0000-000000000000","685DCC80","LEFT_NAIL","00000001",true
"EM0070_00_0","Nerscylla",100,"RED","1B5E2D05-957B-4D29-9CE8-BD818A9A212D","7DDE0A84-4707-4F09-BDAF-4ABF9C16BECF","00000000-0000-0000-0000-000000000000","00000000-0000-0000-0000-000000000000","00000000-0000-0000-0000-000000000000","03C1EF48","RIGHT_NAIL","00000001",true
"EM0070_00_0","Nerscylla",200,"WHITE","667B544B-2A2B-4F24-B393-FC59EE5BDA17","63F53A07-6640-4CA3-A266-63DD23C57391","00000000-0000-0000-0000-000000000000","00000000-0000-0000-0000-000000000000","00000000-0000-0000-0000-000000000000","CAD67C00","LEFT_FRONT_LEG","00000001",true
"EM0070_00_0","Nerscylla",200,"WHITE","667B544B-2A2B-4F24-B393-FC59EE5BDA17","63F53A07-6640-4CA3-A266-63DD23C57391","00000000-0000-0000-0000-000000000000","00000000-0000-0000-0000-000000000000","00000000-0000-0000-0000-000000000000","72787900","RIGHT_FRONT_LEG","00000001",true
"EM0070_00_0","Nerscylla",200,"ORANGE","46F570FA-1AFB-4DBC-943D-ACFAAF3DB90D","9FDECF8F-AEBC-44E4-A25D-B7CA71B80F0B","00000000-0000-0000-0000-000000000000","00000000-0000-0000-0000-000000000000","00000000-0000-0000-0000-000000000000","1E6003A0","MANTLE","00000001",true
"EM0070_00_0","Nerscylla",400,"ORANGE","46F570FA-1AFB-4DBC-943D-ACFAAF3DB90D","9FDECF8F-AEBC-44E4-A25D-B7CA71B80F0B","00000000-0000-0000-0000-000000000000","00000000-0000-0000-0000-000000000000","00000000-0000-0000-0000-000000000000","1E6003A0","MANTLE","00000001",true
"EM0070_00_0","Nerscylla",5.937772429628263e-39,"ORANGE","46F570FA-1AFB-4DBC-943D-ACFAAF3DB90D","9FDECF8F-AEBC-44E4-A25D-B7CA71B80F0B","00000000-0000-0000-0000-000000000000","00000000-0000-0000-0000-000000000000","00000000-0000-0000-0000-000000000000","00006DED","HIDE","00000000",false
"EM0070_00_0","Nerscylla",200,"WHITE","EF555635-666D-41E5-8741-3919DF51693E","0129177B-7395-426D-891D-0AE89F83B795","00000000-0000-0000-0000-000000000000","00000000-0000-0000-0000-000000000000","00000000-0000-0000-0000-000000000000","1221F280","LEFT_HIND_LEG","00000001",true
"EM0070_00_0","Nerscylla",200,"WHITE","EF555635-666D-41E5-8741-3919DF51693E","0129177B-7395-426D-891D-0AE89F83B795","00000000-0000-0000-0000-000000000000","00000000-0000-0000-0000-000000000000","00000000-0000-0000-0000-000000000000","23410BC0","RIGHT_HIND_LEG","00000001",true
"EM0070_00_0","Nerscylla",300,"GREEN","80EDDA66-E4D1-4BD4-9919-91E154AFAD47","64717844-B9C9-4A32-8634-6B61477A0867","00000000-0000-0000-0000-000000000000","00000000-0000-0000-0000-000000000000","00000000-0000-0000-0000-000000000000","B7278E00","POISONOUS_THORN","00000001",true
"EM0070_00_0","Nerscylla",5.937772429628263e-39,"GREEN","80EDDA66-E4D1-4BD4-9919-91E154AFAD47","64717844-B9C9-4A32-8634-6B61477A0867","00000000-0000-0000-0000-000000000000","00000000-0000-0000-0000-000000000000","00000000-0000-0000-0000-000000000000","00006DED","HIDE","00000000",false
"EM0071_00_0","Gore Magala",800,"RED","0D21218D-32B2-4349-8B08-5D5F42875050","00000000-0000-0000-0000-000000000000","00000000-0000-0000-0000-000000000000","00000000-0000-0000-0000-000000000000","00000000-0000-0000-0000-000000000000","F35CC1C0","HEAD","00000001",true
"EM0071_00_0","Gore Magala",1200,"RED","0D21218D-32B2-4349-8B08-5D5F42875050","00000000-0000-0000-0000-000000000000","00000000-0000-0000-0000-000000000000","00000000-0000-0000-0000-000000000000","00000000-0000-0000-0000-000000000000","F35CC1C0","HEAD","00000001",true
"EM0071_00_0","Gore Magala",200,"RED","ADE29054-7EDC-494E-B1B2-CC655422CC80","00000000-0000-0000-0000-000000000000","00000000-0000-0000-0000-000000000000","00000000-0000-0000-0000-000000000000","00000000-0000-0000-0000-000000000000","C7AABA40","ANTENNAE","00000001",true
"EM0071_00_0","Gore Magala",400,"RED","ADE29054-7EDC-494E-B1B2-CC655422CC80","00000000-0000-0000-0000-000000000000","00000000-0000-0000-0000-000000000000","00000000-0000-0000-0000-000000000000","00000000-0000-0000-0000-000000000000","C7AABA40","ANTENNAE","00000001",true
"EM0071_00_0","Gore Magala",750,"RED","342236CC-F33A-401A-A120-9B180450ABF9","00000000-0000-0000-0000-000000000000","20C47B2D-A279-4FAF-8ADA-9D4D31E30E2E","00000000-0000-0000-0000-000000000000","00000000-0000-0000-0000-000000000000","29D8CD40","RIGHT_WING_LEGS","00000001",true
"EM0071_00_0","Gore Magala",600,"RED","342236CC-F33A-401A-A120-9B180450ABF9","00000000-0000-0000-0000-000000000000","20C47B2D-A279-4FAF-8ADA-9D4D31E30E2E","00000000-0000-0000-0000-000000000000","00000000-0000-0000-0000-000000000000","29D8CD40","RIGHT_WING_LEGS","00000001",true
"EM0071_00_0","Gore Magala",750,"RED","342236CC-F33A-401A-A120-9B180450ABF9","00000000-0000-0000-0000-000000000000","20C47B2D-A279-4FAF-8ADA-9D4D31E30E2E","00000000-0000-0000-0000-000000000000","00000000-0000-0000-0000-000000000000","B6617180","LEFT_WING_LEGS","00000001",true
"EM0071_00_0","Gore Magala",600,"RED","342236CC-F33A-401A-A120-9B180450ABF9","00000000-0000-0000-0000-000000000000","20C47B2D-A279-4FAF-8ADA-9D4D31E30E2E","00000000-0000-0000-0000-000000000000","00000000-0000-0000-0000-000000000000","B6617180","LEFT_WING_LEGS","00000001",true
"EM0071_00_0","Gore Magala",350,"ORANGE","F335CF17-BD5D-494D-8688-203A4B248D0E","00000000-0000-0000-0000-000000000000","00000000-0000-0000-0000-000000000000","00000000-0000-0000-0000-000000000000","00000000-0000-0000-0000-000000000000","72787900","RIGHT_FRONT_LEG","00000001",true
"EM0071_00_0","Gore Magala",350,"ORANGE","F335CF17-BD5D-494D-8688-203A4B248D0E","00000000-0000-0000-0000-000000000000","00000000-0000-0000-0000-000000000000","00000000-0000-0000-0000-000000000000","00000000-0000-0000-0000-000000000000","CAD67C00","LEFT_FRONT_LEG","00000001",true
"EM0071_00_0","Gore Magala",400,"ORANGE","C2C248CA-5856-4BF4-AF44-F3B44F13AC6E","00000000-0000-0000-0000-000000000000","00000000-0000-0000-0000-000000000000","00000000-0000-0000-0000-000000000000","00000000-0000-0000-0000-000000000000","773B3D00","TAIL","00000001",true
"EM0071_00_0","Gore Magala",400,"WHITE","A3EE1D7E-2B78-4D27-84E8-D4AAA467A491","00000000-0000-0000-0000-000000000000","00000000-0000-0000-0000-000000000000","00000000-0000-0000-0000-000000000000","00000000-0000-0000-0000-000000000000","23410BC0","RIGHT_HIND_LEG","00000001",true
"EM0071_00_0","Gore Magala",400,"WHITE","A3EE1D7E-2B78-4D27-84E8-D4AAA467A491","00000000-0000-0000-0000-000000000000","00000000-0000-0000-0000-000000000000","00000000-0000-0000-0000-000000000000","00000000-0000-0000-0000-000000000000","1221F280","LEFT_HIND_LEG","00000001",true
"EM0071_00_0","Gore Magala",450,"ORANGE","DFAD4C19-CF0D-47B3-8519-8213F1D08A36","00000000-0000-0000-0000-000000000000","00000000-0000-0000-0000-000000000000","00000000-0000-0000-0000-000000000000","00000000-0000-0000-0000-000000000000","48203000","TORSO","00000001",true
"EM0071_00_0","Gore Magala",450,"ORANGE","DFAD4C19-CF0D-47B3-8519-8213F1D08A36","00000000-0000-0000-0000-000000000000","00000000-0000-0000-0000-000000000000","00000000-0000-0000-0000-000000000000","00000000-0000-0000-0000-000000000000","48203000","TORSO","00000001",true
"EM0071_00_0","Gore Magala",9999,"RED","C858C84B-7CA4-4780-B943-E1FA9427009A","00000000-0000-0000-0000-000000000000","00000000-0000-0000-0000-000000000000","00000000-0000-0000-0000-000000000000","00000000-0000-0000-0000-000000000000","A8970500","NECK","00000000",false
"EM0071_00_0","Gore Magala",100,"#N/A","DA93B578-9886-4E83-84D9-027EEAF4E73E","00000000-0000-0000-0000-000000000000","00000000-0000-0000-0000-000000000000","00000000-0000-0000-0000-000000000000","00000000-0000-0000-0000-000000000000","27A982C0","RIGHT_WING","00000001",true
"EM0071_00_0","Gore Magala",100,"#N/A","DA93B578-9886-4E83-84D9-027EEAF4E73E","00000000-0000-0000-0000-000000000000","00000000-0000-0000-0000-000000000000","00000000-0000-0000-0000-000000000000","00000000-0000-0000-0000-000000000000","27A982C0","RIGHT_WING","00000001",true
"EM0071_00_0","Gore Magala",100,"#N/A","DA93B578-9886-4E83-84D9-027EEAF4E73E","00000000-0000-0000-0000-000000000000","00000000-0000-0000-0000-000000000000","00000000-0000-0000-0000-000000000000","00000000-0000-0000-0000-000000000000","F1A78A40","LEFT_WING","00000001",true
"EM0071_00_0","Gore Magala",100,"#N/A","DA93B578-9886-4E83-84D9-027EEAF4E73E","00000000-0000-0000-0000-000000000000","00000000-0000-0000-0000-000000000000","00000000-0000-0000-0000-000000000000","00000000-0000-0000-0000-000000000000","F1A78A40","LEFT_WING","00000001",true
"EM0100_51_0","Guardian Fulgur Anjanath",320,"RED","2F4F0173-377C-4478-A750-D3B86970BD77","00000000-0000-0000-0000-000000000000","1A403E9B-0DFF-4DF9-8B07-542B6504946C","00000000-0000-0000-0000-000000000000","00000000-0000-0000-0000-000000000000","F35CC1C0","HEAD","00000001",true
"EM0100_51_0","Guardian Fulgur Anjanath",5.937772429628263e-39,"RED","0D32A9FB-F1F0-4D04-97BD-C9FC15D2271A","00000000-0000-0000-0000-000000000000","68765E06-D9B6-4C6C-90C0-8A0760787096","00000000-0000-0000-0000-000000000000","00000000-0000-0000-0000-000000000000","D9A89200","NOSE","00000000",false
"EM0100_51_0","Guardian Fulgur Anjanath",210,"RED","6797BF11-D1FC-42A5-9398-EB65950AAC2D","00000000-0000-0000-0000-000000000000","2D75BA2C-8716-4756-B8A9-2E30397C01C8","00000000-0000-0000-0000-000000000000","00000000-0000-0000-0000-000000000000","A8970500","NECK","00000001",true
"EM0100_51_0","Guardian Fulgur Anjanath",350,"WHITE","E3F3D0D2-4B3C-48FC-BB4E-E15C667BA342","00000000-0000-0000-0000-000000000000","ABA2D775-D1A5-42DC-8A85-FD610A031286","00000000-0000-0000-0000-000000000000","00000000-0000-0000-0000-000000000000","48203000","TORSO","00000001",true
"EM0100_51_0","Guardian Fulgur Anjanath",5.937772429628263e-39,"WHITE","DC30971C-06E4-43ED-B755-056F0860CEDB","00000000-0000-0000-0000-000000000000","3AC835FA-E7F2-4F7C-B0EA-2A3FFA52CA2D","00000000-0000-0000-0000-000000000000","00000000-0000-0000-0000-000000000000","F1A78A40","LEFT_WING","00000000",false
"EM0100_51_0","Guardian Fulgur Anjanath",5.937772429628263e-39,"WHITE","DC30971C-06E4-43ED-B755-056F0860CEDB","00000000-0000-0000-0000-000000000000","3AC835FA-E7F2-4F7C-B0EA-2A3FFA52CA2D","00000000-0000-0000-0000-000000000000","00000000-0000-0000-0000-000000000000","27A982C0","RIGHT_WING","00000000",false
"EM0100_51_0","Guardian Fulgur Anjanath",600,"ORANGE","9FD748F6-401B-4855-9B0D-21CBEF67A848","6CF1E76C-3A64-448D-8AF3-784C24F887B4","DF19B0FE-4205-45DA-B7A8-B6D5AFCBBBE8","EEE2A05D-B0D4-4EBF-88AA-6E3B2A2A37EB","00000000-0000-0000-0000-000000000000","2B996300","LEFT_LEG","00000001",true
"EM0100_51_0","Guardian Fulgur Anjanath",600,"ORANGE","9FD748F6-401B-4855-9B0D-21CBEF67A848","6CF1E76C-3A64-448D-8AF3-784C24F887B4","DF19B0FE-4205-45DA-B7A8-B6D5AFCBBBE8","EEE2A05D-B0D4-4EBF-88AA-6E3B2A2A37EB","00000000-0000-0000-0000-000000000000","F7885CF0","RIGHT_LEG","00000001",true
"EM0100_51_0","Guardian Fulgur Anjanath",320,"ORANGE","8B5859C3-334C-46DB-8118-A3082B8715FD","FC87C95E-C389-4D3F-96B5-077DE1A8FA08","65744D0E-1010-4013-A90B-BA9C23177815","9A556B57-1EB9-49CE-8350-EA1A8B9F4A40","00000000-0000-0000-0000-000000000000","773B3D00","TAIL","00000001",true
"EM0100_51_0","Guardian Fulgur Anjanath",5.937772429628263e-39,"RED","2F4F0173-377C-4478-A750-D3B86970BD77","00000000-0000-0000-0000-000000000000","00000000-0000-0000-0000-000000000000","00000000-0000-0000-0000-000000000000","00000000-0000-0000-0000-000000000000","00006DED","HIDE","00000000",false
"EM0113_51_0","Guardian Ebony Odogaron",400,"RED","AA18CFC6-AE9F-488E-B084-89C3C209AE08","874333ED-3118-42EA-B0BD-CE184C52B710","00000000-0000-0000-0000-000000000000","00000000-0000-0000-0000-000000000000","00000000-0000-0000-0000-000000000000","F35CC1C0","HEAD","00000001",true
"EM0113_51_0","Guardian Ebony Odogaron",240,"RED","D75D9151-E4F0-4548-A818-A19B1A03D97F","00000000-0000-0000-0000-000000000000","00000000-0000-0000-0000-000000000000","00000000-0000-0000-0000-000000000000","00000000-0000-0000-0000-000000000000","A8970500","NECK","00000001",true
"EM0113_51_0","Guardian Ebony Odogaron",210,"ORANGE","202139FB-A979-4800-9B31-FE46A8B6D7F8","00000000-0000-0000-0000-000000000000","00000000-0000-0000-0000-000000000000","00000000-0000-0000-0000-000000000000","00000000-0000-0000-0000-000000000000","0113E302","BACK","00000001",true
"EM0113_51_0","Guardian Ebony Odogaron",400,"ORANGE","25C53EED-5CB4-47AC-9D4A-4B9526AD0959","00000000-0000-0000-0000-000000000000","00000000-0000-0000-0000-000000000000","00000000-0000-0000-0000-000000000000","00000000-0000-0000-0000-000000000000","48203000","TORSO","00000001",true
"EM0113_51_0","Guardian Ebony Odogaron",240,"RED","A88DDEC8-768B-4561-B3D7-F27BE7D59A09","84DA153B-4315-450A-9455-1723C3EA4E65","00000000-0000-0000-0000-000000000000","00000000-0000-0000-0000-000000000000","00000000-0000-0000-0000-000000000000","CAD67C00","LEFT_FRONT_LEG","00000001",true
"EM0113_51_0","Guardian Ebony Odogaron",240,"RED","A88DDEC8-768B-4561-B3D7-F27BE7D59A09","84DA153B-4315-450A-9455-1723C3EA4E65","00000000-0000-0000-0000-000000000000","00000000-0000-0000-0000-000000000000","00000000-0000-0000-0000-000000000000","72787900","RIGHT_FRONT_LEG","00000001",true
"EM0113_51_0","Guardian Ebony Odogaron",240,"WHITE","F67015E6-CB88-41F2-A583-D6C95382B028","C3F36B76-C7EA-448D-B802-41ADDFDD50BE","00000000-0000-0000-0000-000000000000","00000000-0000-0000-0000-000000000000","00000000-0000-0000-0000-000000000000","1221F280","LEFT_HIND_LEG","00000001",true
"EM0113_51_0","Guardian Ebony Odogaron",240,"WHITE","F67015E6-CB88-41F2-A583-D6C95382B028","C3F36B76-C7EA-448D-B802-41ADDFDD50BE","00000000-0000-0000-0000-000000000000","00000000-0000-0000-0000-000000000000","00000000-0000-0000-0000-000000000000","23410BC0","RIGHT_HIND_LEG","00000001",true
"EM0113_51_0","Guardian Ebony Odogaron",280,"ORANGE","269526E2-EE1B-4E67-A456-1F3E45FEEC5B","6F2947CB-6BBC-4539-9513-7B7E7DCE858F","00000000-0000-0000-0000-000000000000","00000000-0000-0000-0000-000000000000","00000000-0000-0000-0000-000000000000","773B3D00","TAIL","00000001",true
"EM0113_51_0","Guardian Ebony Odogaron",210,"ORANGE","12D7A41D-93C9-468A-8E41-10AE74A468DF","6F2947CB-6BBC-4539-9513-7B7E7DCE858F","00000000-0000-0000-0000-000000000000","00000000-0000-0000-0000-000000000000","00000000-0000-0000-0000-000000000000","70707680","TAIL_TIP","00000001",true
"EM0150_00_0","Doshaguma",360,"RED","5E03A075-378D-4B83-A2DE-F15709C1490D","00000000-0000-0000-0000-000000000000","00000000-0000-0000-0000-000000000000","00000000-0000-0000-0000-000000000000","00000000-0000-0000-0000-000000000000","F35CC1C0","HEAD","00000001",true
"EM0150_00_0","Doshaguma",360,"RED","5E03A075-378D-4B83-A2DE-F15709C1490D","00000000-0000-0000-0000-000000000000","00000000-0000-0000-0000-000000000000","00000000-0000-0000-0000-000000000000","00000000-0000-0000-0000-000000000000","F35CC1C0","HEAD","00000001",true
"EM0150_00_0","Doshaguma",400,"ORANGE","FC49D1DE-9C5B-4553-80E6-97E7B8634FE5","00000000-0000-0000-0000-000000000000","00000000-0000-0000-0000-000000000000","00000000-0000-0000-0000-000000000000","00000000-0000-0000-0000-000000000000","48203000","TORSO","00000001",true
"EM0150_00_0","Doshaguma",400,"ORANGE","1B96911E-5D5B-468C-87A1-4645DFDCA3F1","00000000-0000-0000-0000-000000000000","00000000-0000-0000-0000-000000000000","00000000-0000-0000-0000-000000000000","00000000-0000-0000-0000-000000000000","72787900","RIGHT_FRONT_LEG","00000001",true
"EM0150_00_0","Doshaguma",400,"ORANGE","F840078C-6836-41E4-B37F-3B963FFE269F","00000000-0000-0000-0000-000000000000","00000000-0000-0000-0000-000000000000","00000000-0000-0000-0000-000000000000","00000000-0000-0000-0000-000000000000","CAD67C00","LEFT_FRONT_LEG","00000001",true
"EM0150_00_0","Doshaguma",200,"WHITE","6945FABD-688D-4D2C-868A-703EFBBAA319","00000000-0000-0000-0000-000000000000","00000000-0000-0000-0000-000000000000","00000000-0000-0000-0000-000000000000","00000000-0000-0000-0000-000000000000","23410BC0","RIGHT_HIND_LEG","00000001",true
"EM0150_00_0","Doshaguma",200,"WHITE","D33FDE0C-0547-4011-AD99-65FEF7C97AD6","00000000-0000-0000-0000-000000000000","00000000-0000-0000-0000-000000000000","00000000-0000-0000-0000-000000000000","00000000-0000-0000-0000-000000000000","1221F280","LEFT_HIND_LEG","00000001",true
"EM0150_00_0","Doshaguma",240,"GREEN","9A0E7D5D-91EB-4811-8860-11B6BCECBB0D","00000000-0000-0000-0000-000000000000","00000000-0000-0000-0000-000000000000","00000000-0000-0000-0000-000000000000","00000000-0000-0000-0000-000000000000","000007DF","#N/A","00000001",true
"EM0150_50_0","Guardian Doshaguma",360,"RED","C4FAD486-A987-4C82-8990-8C056E380942","00000000-0000-0000-0000-000000000000","00000000-0000-0000-0000-000000000000","00000000-0000-0000-0000-000000000000","00000000-0000-0000-0000-000000000000","F35CC1C0","HEAD","00000001",true
"EM0150_50_0","Guardian Doshaguma",400,"ORANGE","A3F36FA0-F72E-40D8-A892-5F88807D520B","00000000-0000-0000-0000-000000000000","00000000-0000-0000-0000-000000000000","00000000-0000-0000-0000-000000000000","00000000-0000-0000-0000-000000000000","48203000","TORSO","00000001",true
"EM0150_50_0","Guardian Doshaguma",400,"ORANGE","11B3ED89-C008-4C96-B76D-5A418B79786B","00000000-0000-0000-0000-000000000000","00000000-0000-0000-0000-000000000000","00000000-0000-0000-0000-000000000000","00000000-0000-0000-0000-000000000000","72787900","RIGHT_FRONT_LEG","00000001",true
"EM0150_50_0","Guardian Doshaguma",400,"ORANGE","D67B517C-6153-4902-A13C-A606945F1A95","00000000-0000-0000-0000-000000000000","00000000-0000-0000-0000-000000000000","00000000-0000-0000-0000-000000000000","00000000-0000-0000-0000-000000000000","CAD67C00","LEFT_FRONT_LEG","00000001",true
"EM0150_50_0","Guardian Doshaguma",200,"WHITE","5306F24C-4FC6-4EF2-A19F-3D42BEDEBEED","00000000-0000-0000-0000-000000000000","00000000-0000-0000-0000-000000000000","00000000-0000-0000-0000-000000000000","00000000-0000-0000-0000-000000000000","23410BC0","RIGHT_HIND_LEG","00000001",true
"EM0150_50_0","Guardian Doshaguma",200,"WHITE","8FBD26C9-BA4C-4C6C-8EE5-FCB4DD0C16A6","00000000-0000-0000-0000-000000000000","00000000-0000-0000-0000-000000000000","00000000-0000-0000-0000-000000000000","00000000-0000-0000-0000-000000000000","1221F280","LEFT_HIND_LEG","00000001",true
"EM0150_50_0","Guardian Doshaguma",240,"GREEN","760C9CDD-40B8-489D-883B-C3F61C74839A","00000000-0000-0000-0000-000000000000","00000000-0000-0000-0000-000000000000","00000000-0000-0000-0000-000000000000","00000000-0000-0000-0000-000000000000","000007DF","#N/A","00000001",true
"EM0151_00_0","Balahara",400,"RED","25A76DC5-A6BA-4D0F-AC6B-AB017E9F0A4F","00000000-0000-0000-0000-000000000000","00000000-0000-0000-0000-000000000000","00000000-0000-0000-0000-000000000000","00000000-0000-0000-0000-000000000000","F35CC1C0","HEAD","00000001",true
"EM0151_00_0","Balahara",9999,"RED","25A76DC5-A6BA-4D0F-AC6B-AB017E9F0A4F","00000000-0000-0000-0000-000000000000","00000000-0000-0000-0000-000000000000","00000000-0000-0000-0000-000000000000","00000000-0000-0000-0000-000000000000","A8970500","NECK","00000000",false
"EM0151_00_0","Balahara",500,"GREEN","42C6D6FD-8108-4931-B876-B5F93611380C","00000000-0000-0000-0000-000000000000","00000000-0000-0000-0000-000000000000","00000000-0000-0000-0000-000000000000","00000000-0000-0000-0000-000000000000","48203000","TORSO","00000001",true
"EM0151_00_0","Balahara",300,"WHITE","E1604147-3519-4F6B-9E0F-F5FB05D361F1","00000000-0000-0000-0000-000000000000","00000000-0000-0000-0000-000000000000","00000000-0000-0000-0000-000000000000","00000000-0000-0000-0000-000000000000","72787900","RIGHT_FRONT_LEG","00000001",true
"EM0151_00_0","Balahara",300,"WHITE","E1604147-3519-4F6B-9E0F-F5FB05D361F1","00000000-0000-0000-0000-000000000000","00000000-0000-0000-0000-000000000000","00000000-0000-0000-0000-000000000000","00000000-0000-0000-0000-000000000000","CAD67C00","LEFT_FRONT_LEG","00000001",true
"EM0151_00_0","Balahara",240,"WHITE","E40078B1-5851-4AC0-81EC-BB758FAC94BF","00000000-0000-0000-0000-000000000000","00000000-0000-0000-0000-000000000000","00000000-0000-0000-0000-000000000000","00000000-0000-0000-0000-000000000000","23410BC0","RIGHT_HIND_LEG","00000001",true
"EM0151_00_0","Balahara",240,"WHITE","E40078B1-5851-4AC0-81EC-BB758FAC94BF","00000000-0000-0000-0000-000000000000","00000000-0000-0000-0000-000000000000","00000000-0000-0000-0000-000000000000","00000000-0000-0000-0000-000000000000","1221F280","LEFT_HIND_LEG","00000001",true
"EM0151_00_0","Balahara",400,"ORANGE","CFA7EE5F-C0C3-4813-A4D0-206F0539903A","00000000-0000-0000-0000-000000000000","00000000-0000-0000-0000-000000000000","00000000-0000-0000-0000-000000000000","00000000-0000-0000-0000-000000000000","773B3D00","TAIL","00000001",true
"EM0152_00_0","Chatacabra",280,"RED","59F4CF29-679F-4E85-ACA6-FD219A1B690F","00000000-0000-0000-0000-000000000000","00000000-0000-0000-0000-000000000000","00000000-0000-0000-0000-000000000000","00000000-0000-0000-0000-000000000000","F35CC1C0","HEAD","00000001",true
"EM0152_00_0","Chatacabra",140,"ORANGE","93A201C5-5C79-4DBA-BF83-8E48874BA4C9","00000000-0000-0000-0000-000000000000","00000000-0000-0000-0000-000000000000","00000000-0000-0000-0000-000000000000","00000000-0000-0000-0000-000000000000","48203000","TORSO","00000001",true
"EM0152_00_0","Chatacabra",750,"WHITE","7992C44A-D70C-4ABD-8903-FA2E9B17B8AD","5DB8B9C6-955D-4704-99E4-A523F0CF1AD6","A0C2EDB4-7543-48BA-83A1-16B4CDBF8D45","19EF3B7D-4DD4-40CB-97B8-413AA20ED6DC","54D04986-86ED-4022-8430-D9EE1684F39B","CAD67C00","LEFT_FRONT_LEG","00000001",true
"EM0152_00_0","Chatacabra",750,"WHITE","FD1E1A1E-93B0-44B5-9EC8-C249C5B9CFF7","1486FCB9-9393-41B7-9C44-B79AED395932","71899A28-3143-4648-B9DA-2868266E7795","71D1F767-DFB6-4963-8C4F-151B4000E095","7835C52A-BC75-43CD-B14D-5EE7E547D488","72787900","RIGHT_FRONT_LEG","00000001",true
"EM0152_00_0","Chatacabra",120,"WHITE","6D469B4B-1B55-404B-81BB-83A20B83D2EF","00000000-0000-0000-0000-000000000000","00000000-0000-0000-0000-000000000000","00000000-0000-0000-0000-000000000000","00000000-0000-0000-0000-000000000000","1221F280","LEFT_HIND_LEG","00000001",true
"EM0152_00_0","Chatacabra",120,"WHITE","32F31004-AD66-445E-9180-79571C760313","00000000-0000-0000-0000-000000000000","00000000-0000-0000-0000-000000000000","00000000-0000-0000-0000-000000000000","00000000-0000-0000-0000-000000000000","23410BC0","RIGHT_HIND_LEG","00000001",true
"EM0152_00_0","Chatacabra",100,"GREEN","6F3128FB-1433-4A6F-AD86-9200DDD32366","00000000-0000-0000-0000-000000000000","00000000-0000-0000-0000-000000000000","00000000-0000-0000-0000-000000000000","00000000-0000-0000-0000-000000000000","C7E72F00","ASS","00000001",true
"EM0152_00_0","Chatacabra",9999,"RED","E5DA42BE-4ED3-4F51-86A0-F40C0E1CA609","00000000-0000-0000-0000-000000000000","00000000-0000-0000-0000-000000000000","00000000-0000-0000-0000-000000000000","00000000-0000-0000-0000-000000000000","E09F8040","TONGUE","00000000",false
"EM0153_00_0","Quematrice",600,"RED","E49D92D1-7C62-4E82-B8DE-BB3AF11ACD85","00000000-0000-0000-0000-000000000000","00000000-0000-0000-0000-000000000000","00000000-0000-0000-0000-000000000000","00000000-0000-0000-0000-000000000000","F35CC1C0","HEAD","00000001",true
"EM0153_00_0","Quematrice",600,"RED","E49D92D1-7C62-4E82-B8DE-BB3AF11ACD85","00000000-0000-0000-0000-000000000000","00000000-0000-0000-0000-000000000000","00000000-0000-0000-0000-000000000000","00000000-0000-0000-0000-000000000000","F35CC1C0","HEAD","00000001",true
"EM0153_00_0","Quematrice",500,"ORANGE","66D68AFE-9A83-4B14-B3F8-CB862F578E1F","00000000-0000-0000-0000-000000000000","00000000-0000-0000-0000-000000000000","00000000-0000-0000-0000-000000000000","00000000-0000-0000-0000-000000000000","48203000","TORSO","00000001",true
"EM0153_00_0","Quematrice",500,"ORANGE","66D68AFE-9A83-4B14-B3F8-CB862F578E1F","00000000-0000-0000-0000-000000000000","00000000-0000-0000-0000-000000000000","00000000-0000-0000-0000-000000000000","00000000-0000-0000-0000-000000000000","48203000","TORSO","00000001",true
"EM0153_00_0","Quematrice",450,"GREEN","369A8FF1-3611-4381-93C1-22010F041832","00000000-0000-0000-0000-000000000000","00000000-0000-0000-0000-000000000000","00000000-0000-0000-0000-000000000000","00000000-0000-0000-0000-000000000000","773B3D00","TAIL","00000001",true
"EM0153_00_0","Quematrice",450,"GREEN","369A8FF1-3611-4381-93C1-22010F041832","00000000-0000-0000-0000-000000000000","00000000-0000-0000-0000-000000000000","00000000-0000-0000-0000-000000000000","00000000-0000-0000-0000-000000000000","773B3D00","TAIL","00000001",true
"EM0153_00_0","Quematrice",500,"WHITE","9D4CB2E4-4C3A-417C-8605-F3A7EDF1F7C7","00000000-0000-0000-0000-000000000000","00000000-0000-0000-0000-000000000000","00000000-0000-0000-0000-000000000000","00000000-0000-0000-0000-000000000000","72787900","RIGHT_FRONT_LEG","00000000",false
"EM0153_00_0","Quematrice",500,"WHITE","9D4CB2E4-4C3A-417C-8605-F3A7EDF1F7C7","00000000-0000-0000-0000-000000000000","00000000-0000-0000-0000-000000000000","00000000-0000-0000-0000-000000000000","00000000-0000-0000-0000-000000000000","CAD67C00","LEFT_FRONT_LEG","00000000",false
"EM0153_00_0","Quematrice",500,"WHITE","57A5B44F-72B2-4C4A-B97B-2A3159A306C0","00000000-0000-0000-0000-000000000000","00000000-0000-0000-0000-000000000000","00000000-0000-0000-0000-000000000000","00000000-0000-0000-0000-000000000000","23410BC0","RIGHT_HIND_LEG","00000001",true
"EM0153_00_0","Quematrice",500,"WHITE","57A5B44F-72B2-4C4A-B97B-2A3159A306C0","00000000-0000-0000-0000-000000000000","00000000-0000-0000-0000-000000000000","00000000-0000-0000-0000-000000000000","00000000-0000-0000-0000-000000000000","1221F280","LEFT_HIND_LEG","00000001",true
"EM0154_00_0","Lala Barina",300,"ORANGE","62243A45-D673-44F2-97EF-49B4B25A3903","00000000-0000-0000-0000-000000000000","00000000-0000-0000-0000-000000000000","00000000-0000-0000-0000-000000000000","00000000-0000-0000-0000-000000000000","F35CC1C0","HEAD","00000001",true
"EM0154_00_0","Lala Barina",350,"ORANGE","5A5E1DAF-9082-4861-80BA-FE03692204F4","00000000-0000-0000-0000-000000000000","00000000-0000-0000-0000-000000000000","00000000-0000-0000-0000-000000000000","00000000-0000-0000-0000-000000000000","48203000","TORSO","00000001",true
"EM0154_00_0","Lala Barina",400,"GREEN","25011668-DE69-4233-98C4-B0269A617749","00000000-0000-0000-0000-000000000000","00000000-0000-0000-0000-000000000000","00000000-0000-0000-0000-000000000000","00000000-0000-0000-0000-000000000000","773B3D00","TAIL","00000001",true
"EM0154_00_0","Lala Barina",240,"RED","C996D52A-49C6-4A6E-8131-95744CC68829","00000000-0000-0000-0000-000000000000","00000000-0000-0000-0000-000000000000","00000000-0000-0000-0000-000000000000","00000000-0000-0000-0000-000000000000","685DCC80","LEFT_NAIL","00000001",true
"EM0154_00_0","Lala Barina",240,"RED","C996D52A-49C6-4A6E-8131-95744CC68829","00000000-0000-0000-0000-000000000000","00000000-0000-0000-0000-000000000000","00000000-0000-0000-0000-000000000000","00000000-0000-0000-0000-000000000000","03C1EF48","RIGHT_NAIL","00000001",true
"EM0154_00_0","Lala Barina",300,"WHITE","37D7D8F4-EB12-4BD7-BA17-0EEFCC98C89F","00000000-0000-0000-0000-000000000000","00000000-0000-0000-0000-000000000000","00000000-0000-0000-0000-000000000000","00000000-0000-0000-0000-000000000000","CAD67C00","LEFT_FRONT_LEG","00000001",true
"EM0154_00_0","Lala Barina",300,"WHITE","37D7D8F4-EB12-4BD7-BA17-0EEFCC98C89F","00000000-0000-0000-0000-000000000000","00000000-0000-0000-0000-000000000000","00000000-0000-0000-0000-000000000000","00000000-0000-0000-0000-000000000000","72787900","RIGHT_FRONT_LEG","00000001",true
"EM0154_00_0","Lala Barina",300,"WHITE","37D7D8F4-EB12-4BD7-BA17-0EEFCC98C89F","00000000-0000-0000-0000-000000000000","00000000-0000-0000-0000-000000000000","00000000-0000-0000-0000-000000000000","00000000-0000-0000-0000-000000000000","1221F280","LEFT_HIND_LEG","00000001",true
"EM0154_00_0","Lala Barina",300,"WHITE","37D7D8F4-EB12-4BD7-BA17-0EEFCC98C89F","00000000-0000-0000-0000-000000000000","00000000-0000-0000-0000-000000000000","00000000-0000-0000-0000-000000000000","00000000-0000-0000-0000-000000000000","23410BC0","RIGHT_HIND_LEG","00000001",true
"EM0154_00_0","Lala Barina",200,"GREEN","2868DB17-D52A-4679-A7F5-0834ECA152F2","00000000-0000-0000-0000-000000000000","00000000-0000-0000-0000-000000000000","00000000-0000-0000-0000-000000000000","00000000-0000-0000-0000-000000000000","3BA825C0","PETAL","00000001",true
"EM0155_00_0","Rompopolo",750,"GREEN","90FDE200-A257-4648-985A-921B0A0F0D56","00000000-0000-0000-0000-000000000000","0C6DFEA0-9AA4-4AC9-93D4-BEF207F97DA9","00000000-0000-0000-0000-000000000000","00000000-0000-0000-0000-000000000000","F35CC1C0","HEAD","00000001",true
"EM0155_00_0","Rompopolo",300,"ORANGE","CAE8C8C2-D0A3-4399-9CDE-6D5269F3A65C","00000000-0000-0000-0000-000000000000","00000000-0000-0000-0000-000000000000","00000000-0000-0000-0000-000000000000","00000000-0000-0000-0000-000000000000","48203000","TORSO","00000001",true
"EM0155_00_0","Rompopolo",450,"ORANGE","E2AEE3F1-34B4-40CF-A906-1EC34B83191E","00000000-0000-0000-0000-000000000000","CDAE3DA3-5B61-4286-A434-1154042E9371","00000000-0000-0000-0000-000000000000","00000000-0000-0000-0000-000000000000","0113E302","BACK","00000001",true
"EM0155_00_0","Rompopolo",200,"ORANGE","3B72A7B9-74F4-4E21-80DB-70432B2F15F3","00000000-0000-0000-0000-000000000000","00000000-0000-0000-0000-000000000000","00000000-0000-0000-0000-000000000000","00000000-0000-0000-0000-000000000000","CAD67C00","LEFT_FRONT_LEG","00000001",true
"EM0155_00_0","Rompopolo",200,"ORANGE","3B72A7B9-74F4-4E21-80DB-70432B2F15F3","00000000-0000-0000-0000-000000000000","00000000-0000-0000-0000-000000000000","00000000-0000-0000-0000-000000000000","00000000-0000-0000-0000-000000000000","72787900","RIGHT_FRONT_LEG","00000001",true
"EM0155_00_0","Rompopolo",300,"WHITE","625770F7-6557-4959-AFFE-5F87B066C716","00000000-0000-0000-0000-000000000000","00000000-0000-0000-0000-000000000000","00000000-0000-0000-0000-000000000000","00000000-0000-0000-0000-000000000000","1221F280","LEFT_HIND_LEG","00000001",true
"EM0155_00_0","Rompopolo",300,"WHITE","625770F7-6557-4959-AFFE-5F87B066C716","00000000-0000-0000-0000-000000000000","00000000-0000-0000-0000-000000000000","00000000-0000-0000-0000-000000000000","00000000-0000-0000-0000-000000000000","23410BC0","RIGHT_HIND_LEG","00000001",true
"EM0155_00_0","Rompopolo",750,"RED","6092C504-0E1A-4BFF-9E5C-E08D2AD8A26B","00000000-0000-0000-0000-000000000000","F0AABAD9-93E2-429C-B6B2-1FB9CFEE9771","00000000-0000-0000-0000-000000000000","00000000-0000-0000-0000-000000000000","773B3D00","TAIL","00000001",true
"EM0156_00_0","Rey Dau",700,"RED","059C6EFE-B9A1-42D1-BF7A-F6B5E86FAEC8","00000000-0000-0000-0000-000000000000","00000000-0000-0000-0000-000000000000","00000000-0000-0000-0000-000000000000","00000000-0000-0000-0000-000000000000","F35CC1C0","HEAD","00000001",true
"EM0156_00_0","Rey Dau",260,"ORANGE","140793AC-97C4-44FE-AEF7-F70E0D9C4244","00000000-0000-0000-0000-000000000000","00000000-0000-0000-0000-000000000000","00000000-0000-0000-0000-000000000000","00000000-0000-0000-0000-000000000000","48203000","TORSO","00000001",true
"EM0156_00_0","Rey Dau",200,"WHITE","C7A0C1E0-528C-4B2E-BBAE-A848A312EE7C","00000000-0000-0000-0000-000000000000","00000000-0000-0000-0000-000000000000","00000000-0000-0000-0000-000000000000","00000000-0000-0000-0000-000000000000","2B996300","LEFT_LEG","00000001",true
"EM0156_00_0","Rey Dau",200,"WHITE","C7A0C1E0-528C-4B2E-BBAE-A848A312EE7C","00000000-0000-0000-0000-000000000000","00000000-0000-0000-0000-000000000000","00000000-0000-0000-0000-000000000000","00000000-0000-0000-0000-000000000000","F7885CF0","RIGHT_LEG","00000001",true
"EM0156_00_0","Rey Dau",200,"GREEN","A3206BC8-ADC7-40CC-9433-B6A1D3EEBD43","00000000-0000-0000-0000-000000000000","00000000-0000-0000-0000-000000000000","00000000-0000-0000-0000-000000000000","00000000-0000-0000-0000-000000000000","773B3D00","TAIL","00000001",true
"EM0156_00_0","Rey Dau",260,"WHITE","BE0417E2-4E40-492F-8C01-778FA440EA65","00000000-0000-0000-0000-000000000000","00000000-0000-0000-0000-000000000000","00000000-0000-0000-0000-000000000000","00000000-0000-0000-0000-000000000000","F1A78A40","LEFT_WING","00000001",true
"EM0156_00_0","Rey Dau",260,"WHITE","BE0417E2-4E40-492F-8C01-778FA440EA65","00000000-0000-0000-0000-000000000000","00000000-0000-0000-0000-000000000000","00000000-0000-0000-0000-000000000000","00000000-0000-0000-0000-000000000000","27A982C0","RIGHT_WING","00000001",true
"EM0156_00_0","Rey Dau",9999,"WHITE","1E6BD865-BA2B-4A7C-9A34-57750F7BB3D7","00000000-0000-0000-0000-000000000000","00000000-0000-0000-0000-000000000000","00000000-0000-0000-0000-000000000000","00000000-0000-0000-0000-000000000000","00006DED","HIDE","00000000",false
"EM0156_00_0","Rey Dau",9999,"WHITE","1E6BD865-BA2B-4A7C-9A34-57750F7BB3D7","00000000-0000-0000-0000-000000000000","00000000-0000-0000-0000-000000000000","00000000-0000-0000-0000-000000000000","00000000-0000-0000-0000-000000000000","00006DED","HIDE","00000000",false
"EM0156_00_0","Rey Dau",9999,"WHITE","4827C5CB-F679-4E61-98C0-5FE9A1A4A941","00000000-0000-0000-0000-000000000000","00000000-0000-0000-0000-000000000000","00000000-0000-0000-0000-000000000000","00000000-0000-0000-0000-000000000000","00006DED","HIDE","00000000",false
"EM0157_00_0","Uth Duna",450,"RED","EA698CF2-8E6C-48ED-B71E-BCBAD6873F08","00000000-0000-0000-0000-000000000000","00000000-0000-0000-0000-000000000000","00000000-0000-0000-0000-000000000000","00000000-0000-0000-0000-000000000000","F35CC1C0","HEAD","00000001",true
"EM0157_00_0","Uth Duna",800,"ORANGE","63B6B2BD-FC95-4E20-B69B-EE17BA3E1AB2","00000000-0000-0000-0000-000000000000","00000000-0000-0000-0000-000000000000","00000000-0000-0000-0000-000000000000","00000000-0000-0000-0000-000000000000","48203000","TORSO","00000001",true
"EM0157_00_0","Uth Duna",500,"WHITE","BF6EFF34-06C0-486A-AA67-171B48CB95D1","00000000-0000-0000-0000-000000000000","00000000-0000-0000-0000-000000000000","00000000-0000-0000-0000-000000000000","00000000-0000-0000-0000-000000000000","72787900","RIGHT_FRONT_LEG","00000001",true
"EM0157_00_0","Uth Duna",500,"WHITE","BF6EFF34-06C0-486A-AA67-171B48CB95D1","00000000-0000-0000-0000-000000000000","00000000-0000-0000-0000-000000000000","00000000-0000-0000-0000-000000000000","00000000-0000-0000-0000-000000000000","CAD67C00","LEFT_FRONT_LEG","00000001",true
"EM0157_00_0","Uth Duna",800,"WHITE","D9E38CAC-250D-4F03-A92C-F3D1DD520067","00000000-0000-0000-0000-000000000000","00000000-0000-0000-0000-000000000000","00000000-0000-0000-0000-000000000000","00000000-0000-0000-0000-000000000000","23410BC0","RIGHT_HIND_LEG","00000001",true
"EM0157_00_0","Uth Duna",800,"WHITE","D9E38CAC-250D-4F03-A92C-F3D1DD520067","00000000-0000-0000-0000-000000000000","00000000-0000-0000-0000-000000000000","00000000-0000-0000-0000-000000000000","00000000-0000-0000-0000-000000000000","1221F280","LEFT_HIND_LEG","00000001",true
"EM0157_00_0","Uth Duna",270,"GREEN","3E17D2CA-C9EA-4409-8BDF-7E0509B0113A","00000000-0000-0000-0000-000000000000","00000000-0000-0000-0000-000000000000","00000000-0000-0000-0000-000000000000","00000000-0000-0000-0000-000000000000","773B3D00","TAIL","00000001",true
"EM0157_00_0","Uth Duna",130,"ORANGE","5E53E02B-02A8-4551-A7F0-6C37BE5C260A","00000000-0000-0000-0000-000000000000","00000000-0000-0000-0000-000000000000","00000000-0000-0000-0000-000000000000","00000000-0000-0000-0000-000000000000","F9F0A1C8","WATERFILM_RIGHT_HEAD","00000001",true
"EM0157_00_0","Uth Duna",150,"ORANGE","5E53E02B-02A8-4551-A7F0-6C37BE5C260A","00000000-0000-0000-0000-000000000000","00000000-0000-0000-0000-000000000000","00000000-0000-0000-0000-000000000000","00000000-0000-0000-0000-000000000000","F9F0A1C8","WATERFILM_RIGHT_HEAD","00000001",true
"EM0157_00_0","Uth Duna",130,"ORANGE","5E53E02B-02A8-4551-A7F0-6C37BE5C260A","00000000-0000-0000-0000-000000000000","00000000-0000-0000-0000-000000000000","00000000-0000-0000-0000-000000000000","00000000-0000-0000-0000-000000000000","672A9D80","WATERFILM_LEFT_HEAD","00000001",true
"EM0157_00_0","Uth Duna",150,"ORANGE","5E53E02B-02A8-4551-A7F0-6C37BE5C260A","00000000-0000-0000-0000-000000000000","00000000-0000-0000-0000-000000000000","00000000-0000-0000-0000-000000000000","00000000-0000-0000-0000-000000000000","672A9D80","WATERFILM_LEFT_HEAD","00000001",true
"EM0157_00_0","Uth Duna",130,"ORANGE","5E53E02B-02A8-4551-A7F0-6C37BE5C260A","00000000-0000-0000-0000-000000000000","00000000-0000-0000-0000-000000000000","00000000-0000-0000-0000-000000000000","00000000-0000-0000-0000-000000000000","72455480","WATERFILM_RIGHT_BODY","00000001",true
"EM0157_00_0","Uth Duna",150,"ORANGE","5E53E02B-02A8-4551-A7F0-6C37BE5C260A","00000000-0000-0000-0000-000000000000","00000000-0000-0000-0000-000000000000","00000000-0000-0000-0000-000000000000","00000000-0000-0000-0000-000000000000","72455480","WATERFILM_RIGHT_BODY","00000001",true
"EM0157_00_0","Uth Duna",130,"ORANGE","5E53E02B-02A8-4551-A7F0-6C37BE5C260A","00000000-0000-0000-0000-000000000000","00000000-0000-0000-0000-000000000000","00000000-0000-0000-0000-000000000000","00000000-0000-0000-0000-000000000000","D49E90C0","WATERFILM_LEFT_BODY","00000001",true
"EM0157_00_0","Uth Duna",180,"ORANGE","5E53E02B-02A8-4551-A7F0-6C37BE5C260A","00000000-0000-0000-0000-000000000000","00000000-0000-0000-0000-000000000000","00000000-0000-0000-0000-000000000000","00000000-0000-0000-0000-000000000000","D49E90C0","WATERFILM_LEFT_BODY","00000001",true
"EM0157_00_0","Uth Duna",130,"WHITE","5E53E02B-02A8-4551-A7F0-6C37BE5C260A","00000000-0000-0000-0000-000000000000","00000000-0000-0000-0000-000000000000","00000000-0000-0000-0000-000000000000","00000000-0000-0000-0000-000000000000","FF10C8F4","WATERFILM_RIGHT_FRONT_LEG","00000001",true
"EM0157_00_0","Uth Duna",180,"WHITE","5E53E02B-02A8-4551-A7F0-6C37BE5C260A","00000000-0000-0000-0000-000000000000","00000000-0000-0000-0000-000000000000","00000000-0000-0000-0000-000000000000","00000000-0000-0000-0000-000000000000","FF10C8F4","WATERFILM_RIGHT_FRONT_LEG","00000001",true
"EM0157_00_0","Uth Duna",130,"WHITE","5E53E02B-02A8-4551-A7F0-6C37BE5C260A","00000000-0000-0000-0000-000000000000","00000000-0000-0000-0000-000000000000","00000000-0000-0000-0000-000000000000","00000000-0000-0000-0000-000000000000","E56C58A0","WATERFILM_LEFT_FRONT_LEG","00000001",true
"EM0157_00_0","Uth Duna",180,"WHITE","5E53E02B-02A8-4551-A7F0-6C37BE5C260A","00000000-0000-0000-0000-000000000000","00000000-0000-0000-0000-000000000000","00000000-0000-0000-0000-000000000000","00000000-0000-0000-0000-000000000000","E56C58A0","WATERFILM_LEFT_FRONT_LEG","00000001",true
"EM0157_00_0","Uth Duna",130,"ORANGE","5E53E02B-02A8-4551-A7F0-6C37BE5C260A","00000000-0000-0000-0000-000000000000","00000000-0000-0000-0000-000000000000","00000000-0000-0000-0000-000000000000","00000000-0000-0000-0000-000000000000","00007CD1","WATERFILM_RIGHT_TAIL","00000001",true
"EM0157_00_0","Uth Duna",180,"ORANGE","5E53E02B-02A8-4551-A7F0-6C37BE5C260A","00000000-0000-0000-0000-000000000000","00000000-0000-0000-0000-000000000000","00000000-0000-0000-0000-000000000000","00000000-0000-0000-0000-000000000000","00007CD1","WATERFILM_RIGHT_TAIL","00000001",true
"EM0157_00_0","Uth Duna",130,"GREEN","5E53E02B-02A8-4551-A7F0-6C37BE5C260A","00000000-0000-0000-0000-000000000000","00000000-0000-0000-0000-000000000000","00000000-0000-0000-0000-000000000000","00000000-0000-0000-0000-000000000000","ABE8F580","WATERFILM_TAIL","00000001",true
"EM0157_00_0","Uth Duna",180,"GREEN","5E53E02B-02A8-4551-A7F0-6C37BE5C260A","00000000-0000-0000-0000-000000000000","00000000-0000-0000-0000-000000000000","00000000-0000-0000-0000-000000000000","00000000-0000-0000-0000-000000000000","ABE8F580","WATERFILM_TAIL","00000001",true
"EM0157_00_0","Uth Duna",130,"ORANGE","5E53E02B-02A8-4551-A7F0-6C37BE5C260A","00000000-0000-0000-0000-000000000000","00000000-0000-0000-0000-000000000000","00000000-0000-0000-0000-000000000000","00000000-0000-0000-0000-000000000000","66DAC880","WATERFILM_LEFT_TAIL","00000001",true
"EM0157_00_0","Uth Duna",180,"ORANGE","5E53E02B-02A8-4551-A7F0-6C37BE5C260A","00000000-0000-0000-0000-000000000000","00000000-0000-0000-0000-000000000000","00000000-0000-0000-0000-000000000000","00000000-0000-0000-0000-000000000000","66DAC880","WATERFILM_LEFT_TAIL","00000001",true
"EM0158_00_0","Nu Udra",500,"RED","17884C6A-69CE-4F07-A27C-EF776844E6D0","00000000-0000-0000-0000-000000000000","055AA560-AEB9-413F-8FA2-9AA2974EEDDB","C16AEB9F-DFF0-4642-A550-9D5D7E9DEC2B","00000000-0000-0000-0000-000000000000","F35CC1C0","HEAD","00000001",true
"EM0158_00_0","Nu Udra",9999,"ORANGE","FBA3C158-45FD-41BB-94F4-25E85AA67EED","00000000-0000-0000-0000-000000000000","1F3E5F3A-64AA-4AF7-8BF3-0A78139697E5","ABD73A74-0DEA-4299-8437-C37269412610","00000000-0000-0000-0000-000000000000","1DC77CA0","TENTACLE","00000000",false
"EM0158_00_0","Nu Udra",9999,"ORANGE","FBA3C158-45FD-41BB-94F4-25E85AA67EED","00000000-0000-0000-0000-000000000000","1F3E5F3A-64AA-4AF7-8BF3-0A78139697E5","ABD73A74-0DEA-4299-8437-C37269412610","00000000-0000-0000-0000-000000000000","A2BDCD00","UMBRELLA","00000000",false
"EM0158_00_0","Nu Udra",5.937772429628263e-39,"ORANGE","DCDE97A0-EFE0-4A2D-9289-DB2DFA26A051","00000000-0000-0000-0000-000000000000","78459441-F89E-4BDE-9510-A6B057F6DC10","4EEAA6FC-1773-48C6-BD39-43441158F515","00000000-0000-0000-0000-000000000000","48203000","TORSO","00000000",false
"EM0158_00_0","Nu Udra",9999,"WHITE","B6604374-C14E-4ECF-B9B5-79D2D695E6BB","00000000-0000-0000-0000-000000000000","A22442B5-5C19-4277-A335-C675B2D3679C","3EED7035-DC06-463D-90EC-ABC436DBC970","00000000-0000-0000-0000-000000000000","46352600","LEFT_FRONT_ARM","00000000",false
"EM0158_00_0","Nu Udra",9999,"WHITE","B6604374-C14E-4ECF-B9B5-79D2D695E6BB","00000000-0000-0000-0000-000000000000","A22442B5-5C19-4277-A335-C675B2D3679C","3EED7035-DC06-463D-90EC-ABC436DBC970","00000000-0000-0000-0000-000000000000","8F95F180","RIGHT_FRONT_ARM","00000000",false
"EM0158_00_0","Nu Udra",9999,"WHITE","B6604374-C14E-4ECF-B9B5-79D2D695E6BB","00000000-0000-0000-0000-000000000000","A22442B5-5C19-4277-A335-C675B2D3679C","3EED7035-DC06-463D-90EC-ABC436DBC970","00000000-0000-0000-0000-000000000000","A1896000","LEFT_SIDE_ARM","00000000",false
"EM0158_00_0","Nu Udra",9999,"WHITE","B6604374-C14E-4ECF-B9B5-79D2D695E6BB","00000000-0000-0000-0000-000000000000","A22442B5-5C19-4277-A335-C675B2D3679C","3EED7035-DC06-463D-90EC-ABC436DBC970","00000000-0000-0000-0000-000000000000","44CF1580","RIGHT_SIDE_ARM","00000000",false
"EM0158_00_0","Nu Udra",9999,"WHITE","B6604374-C14E-4ECF-B9B5-79D2D695E6BB","00000000-0000-0000-0000-000000000000","A22442B5-5C19-4277-A335-C675B2D3679C","3EED7035-DC06-463D-90EC-ABC436DBC970","00000000-0000-0000-0000-000000000000","A04BD380","LEFT_HIND_ARM","00000000",false
"EM0158_00_0","Nu Udra",9999,"WHITE","B6604374-C14E-4ECF-B9B5-79D2D695E6BB","00000000-0000-0000-0000-000000000000","A22442B5-5C19-4277-A335-C675B2D3679C","3EED7035-DC06-463D-90EC-ABC436DBC970","00000000-0000-0000-0000-000000000000","72BEC380","RIGHT_HIND_ARM","00000000",false
"EM0158_00_0","Nu Udra",9999,"RED","4DF82FB2-585D-41E0-9113-C00F920D57D0","00000000-0000-0000-0000-000000000000","00000000-0000-0000-0000-000000000000","00000000-0000-0000-0000-000000000000","00000000-0000-0000-0000-000000000000","BDD1B780","MOUTH","00000000",false
"EM0158_00_0","Nu Udra",5.937772429628263e-39,"RED","17884C6A-69CE-4F07-A27C-EF776844E6D0","00000000-0000-0000-0000-000000000000","00000000-0000-0000-0000-000000000000","00000000-0000-0000-0000-000000000000","00000000-0000-0000-0000-000000000000","00006DED","HIDE","00000000",false
"EM0159_00_0","Ajarakan",600,"RED","6CE14EDD-9B25-4CB5-8FD7-732FFAC252CF","00000000-0000-0000-0000-000000000000","EAE653EA-F7EF-4195-BBBB-9DF38451EB36","00000000-0000-0000-0000-000000000000","00000000-0000-0000-0000-000000000000","F35CC1C0","HEAD","00000001",true
"EM0159_00_0","Ajarakan",600,"RED","683968DF-772C-410E-A1DB-8FB5668B2EB8","00000000-0000-0000-0000-000000000000","46128272-BEC5-49E3-8EA2-E7438A9B1270","00000000-0000-0000-0000-000000000000","00000000-0000-0000-0000-000000000000","72787900","RIGHT_FRONT_LEG","00000001",true
"EM0159_00_0","Ajarakan",600,"RED","683968DF-772C-410E-A1DB-8FB5668B2EB8","00000000-0000-0000-0000-000000000000","46128272-BEC5-49E3-8EA2-E7438A9B1270","00000000-0000-0000-0000-000000000000","00000000-0000-0000-0000-000000000000","CAD67C00","LEFT_FRONT_LEG","00000001",true
"EM0159_00_0","Ajarakan",240,"WHITE","226661BC-62ED-47AF-8E32-D9BDF5403461","00000000-0000-0000-0000-000000000000","00000000-0000-0000-0000-000000000000","00000000-0000-0000-0000-000000000000","00000000-0000-0000-0000-000000000000","23410BC0","RIGHT_HIND_LEG","00000001",true
"EM0159_00_0","Ajarakan",240,"WHITE","226661BC-62ED-47AF-8E32-D9BDF5403461","00000000-0000-0000-0000-000000000000","00000000-0000-0000-0000-000000000000","00000000-0000-0000-0000-000000000000","00000000-0000-0000-0000-000000000000","1221F280","LEFT_HIND_LEG","00000001",true
"EM0159_00_0","Ajarakan",240,"GREEN","32354BD7-4438-472C-9A5F-BD286B599DE7","00000000-0000-0000-0000-000000000000","00000000-0000-0000-0000-000000000000","00000000-0000-0000-0000-000000000000","00000000-0000-0000-0000-000000000000","70707680","TAIL_TIP","00000001",true
"EM0159_00_0","Ajarakan",240,"GREEN","BDC41930-93F2-459E-953F-E6B1314BCCFB","00000000-0000-0000-0000-000000000000","00000000-0000-0000-0000-000000000000","00000000-0000-0000-0000-000000000000","00000000-0000-0000-0000-000000000000","773B3D00","TAIL","00000000",false
"EM0159_00_0","Ajarakan",240,"ORANGE","1808629E-13C9-4157-AEC6-8C1C5120D990","00000000-0000-0000-0000-000000000000","00000000-0000-0000-0000-000000000000","00000000-0000-0000-0000-000000000000","00000000-0000-0000-0000-000000000000","0113E302","BACK","00000001",true
"EM0159_00_0","Ajarakan",400,"ORANGE","C7CECF28-AC04-4DA9-B06E-075EF4BA0EEF","00000000-0000-0000-0000-000000000000","B64231B5-CB4C-4AD6-AEA7-C1991647B9F1","00000000-0000-0000-0000-000000000000","00000000-0000-0000-0000-000000000000","5F936200","STOMACH","00000001",true
"EM0159_00_0","Ajarakan",5.937772429628263e-39,"#N/A","5F9BE57B-4179-41EB-B731-ADEF0937BA8B","00000000-0000-0000-0000-000000000000","00000000-0000-0000-0000-000000000000","00000000-0000-0000-0000-000000000000","00000000-0000-0000-0000-000000000000","00006DED","HIDE","00000000",false
"EM0159_00_0","Ajarakan",5.937772429628263e-39,"RED","6CE14EDD-9B25-4CB5-8FD7-732FFAC252CF","00000000-0000-0000-0000-000000000000","00000000-0000-0000-0000-000000000000","00000000-0000-0000-0000-000000000000","00000000-0000-0000-0000-000000000000","00006DED","HIDE","00000000",false
"EM0160_00_0","Arkveld",800,"RED","943BDDCC-3C68-405E-B902-E7E5D98A48D2","00000000-0000-0000-0000-000000000000","00000000-0000-0000-0000-000000000000","00000000-0000-0000-0000-000000000000","00000000-0000-0000-0000-000000000000","F35CC1C0","HEAD","00000001",true
"EM0160_00_0","Arkveld",400,"ORANGE","186F54F1-D2AE-4561-8CD8-D8B53084C408","00000000-0000-0000-0000-000000000000","00000000-0000-0000-0000-000000000000","00000000-0000-0000-0000-000000000000","00000000-0000-0000-0000-000000000000","48203000","TORSO","00000001",true
"EM0160_00_0","Arkveld",350,"WHITE","70967780-5553-4009-A326-918ACE854EB4","00000000-0000-0000-0000-000000000000","00000000-0000-0000-0000-000000000000","00000000-0000-0000-0000-000000000000","00000000-0000-0000-0000-000000000000","2B996300","LEFT_LEG","00000001",true
"EM0160_00_0","Arkveld",350,"WHITE","70967780-5553-4009-A326-918ACE854EB4","00000000-0000-0000-0000-000000000000","00000000-0000-0000-0000-000000000000","00000000-0000-0000-0000-000000000000","00000000-0000-0000-0000-000000000000","F7885CF0","RIGHT_LEG","00000001",true
"EM0160_00_0","Arkveld",350,"WHITE","737FFE93-F756-4E52-B351-2C4D18183007","00000000-0000-0000-0000-000000000000","00000000-0000-0000-0000-000000000000","00000000-0000-0000-0000-000000000000","00000000-0000-0000-0000-000000000000","773B3D00","TAIL","00000001",true
"EM0160_00_0","Arkveld",500,"ORANGE","31840CAF-7399-496B-8D9C-423C8A6DC85F","00000000-0000-0000-0000-000000000000","00000000-0000-0000-0000-000000000000","00000000-0000-0000-0000-000000000000","00000000-0000-0000-0000-000000000000","F1A78A40","LEFT_WING","00000001",true
"EM0160_00_0","Arkveld",500,"ORANGE","31840CAF-7399-496B-8D9C-423C8A6DC85F","00000000-0000-0000-0000-000000000000","00000000-0000-0000-0000-000000000000","00000000-0000-0000-0000-000000000000","00000000-0000-0000-0000-000000000000","27A982C0","RIGHT_WING","00000001",true
"EM0160_00_0","Arkveld",800,"ORANGE","7B20887B-5471-4BB2-98BF-59B0A8F715F6","00000000-0000-0000-0000-000000000000","F0850CD0-C256-43C8-A02D-6FAD8D76B914","00000000-0000-0000-0000-000000000000","00000000-0000-0000-0000-000000000000","2DBCCC00","LEFT_WING_BLADE","00000001",true
"EM0160_00_0","Arkveld",800,"ORANGE","7B20887B-5471-4BB2-98BF-59B0A8F715F6","00000000-0000-0000-0000-000000000000","F0850CD0-C256-43C8-A02D-6FAD8D76B914","00000000-0000-0000-0000-000000000000","00000000-0000-0000-0000-000000000000","ACFED180","RIGHT_WING_BLADE","00000001",true
"EM0160_00_0","Arkveld",5.937772429628263e-39,"RED","943BDDCC-3C68-405E-B902-E7E5D98A48D2","00000000-0000-0000-0000-000000000000","00000000-0000-0000-0000-000000000000","00000000-0000-0000-0000-000000000000","00000000-0000-0000-0000-000000000000","00006DED","HIDE","00000000",false
"EM0161_00_0","Hirabami",800,"RED","7E6D03E5-29B7-4404-A57E-83A7699A66EC","00000000-0000-0000-0000-000000000000","00000000-0000-0000-0000-000000000000","00000000-0000-0000-0000-000000000000","00000000-0000-0000-0000-000000000000","F35CC1C0","HEAD","00000001",true
"EM0161_00_0","Hirabami",400,"RED","7E6D03E5-29B7-4404-A57E-83A7699A66EC","00000000-0000-0000-0000-000000000000","00000000-0000-0000-0000-000000000000","00000000-0000-0000-0000-000000000000","00000000-0000-0000-0000-000000000000","A8970500","NECK","00000001",true
"EM0161_00_0","Hirabami",400,"ORANGE","361F897E-8592-4B26-ACB3-2074FA5B0340","00000000-0000-0000-0000-000000000000","00000000-0000-0000-0000-000000000000","00000000-0000-0000-0000-000000000000","00000000-0000-0000-0000-000000000000","48203000","TORSO","00000001",true
"EM0161_00_0","Hirabami",400,"GREEN","1306ECD0-6180-4D52-BF51-1C8CB7E6D257","00000000-0000-0000-0000-000000000000","00000000-0000-0000-0000-000000000000","00000000-0000-0000-0000-000000000000","00000000-0000-0000-0000-000000000000","72787900","RIGHT_FRONT_LEG","00000001",true
"EM0161_00_0","Hirabami",400,"GREEN","1306ECD0-6180-4D52-BF51-1C8CB7E6D257","00000000-0000-0000-0000-000000000000","00000000-0000-0000-0000-000000000000","00000000-0000-0000-0000-000000000000","00000000-0000-0000-0000-000000000000","CAD67C00","LEFT_FRONT_LEG","00000001",true
"EM0161_00_0","Hirabami",400,"WHITE","CD53BDBC-3735-4CA3-8187-A6E1CE4526FB","00000000-0000-0000-0000-000000000000","00000000-0000-0000-0000-000000000000","00000000-0000-0000-0000-000000000000","00000000-0000-0000-0000-000000000000","23410BC0","RIGHT_HIND_LEG","00000001",true
"EM0161_00_0","Hirabami",400,"WHITE","CD53BDBC-3735-4CA3-8187-A6E1CE4526FB","00000000-0000-0000-0000-000000000000","00000000-0000-0000-0000-000000000000","00000000-0000-0000-0000-000000000000","00000000-0000-0000-0000-000000000000","1221F280","LEFT_HIND_LEG","00000001",true
"EM0161_00_0","Hirabami",600,"WHITE","D86975B9-6056-494F-9750-82DDBD2015FA","00000000-0000-0000-0000-000000000000","00000000-0000-0000-0000-000000000000","00000000-0000-0000-0000-000000000000","00000000-0000-0000-0000-000000000000","773B3D00","TAIL","00000001",true
"EM0161_00_0","Hirabami",300,"WHITE","D86975B9-6056-494F-9750-82DDBD2015FA","00000000-0000-0000-0000-000000000000","00000000-0000-0000-0000-000000000000","00000000-0000-0000-0000-000000000000","00000000-0000-0000-0000-000000000000","773B3D00","TAIL","00000001",true
"EM0161_00_0","Hirabami",300,"WHITE","D86975B9-6056-494F-9750-82DDBD2015FA","00000000-0000-0000-0000-000000000000","00000000-0000-0000-0000-000000000000","00000000-0000-0000-0000-000000000000","00000000-0000-0000-0000-000000000000","773B3D00","TAIL","00000001",true
"EM0161_00_0","Hirabami",300,"WHITE","D86975B9-6056-494F-9750-82DDBD2015FA","00000000-0000-0000-0000-000000000000","00000000-0000-0000-0000-000000000000","00000000-0000-0000-0000-000000000000","00000000-0000-0000-0000-000000000000","773B3D00","TAIL","00000001",true
"EM0161_00_0","Hirabami",300,"WHITE","D86975B9-6056-494F-9750-82DDBD2015FA","00000000-0000-0000-0000-000000000000","00000000-0000-0000-0000-000000000000","00000000-0000-0000-0000-000000000000","00000000-0000-0000-0000-000000000000","773B3D00","TAIL","00000001",true
"EM0162_00_0","Jin Dahaad",350,"RED","00CFAF88-DFDE-4B44-B2CE-8949F4C4D71C","00000000-0000-0000-0000-000000000000","00000000-0000-0000-0000-000000000000","00000000-0000-0000-0000-000000000000","00000000-0000-0000-0000-000000000000","F35CC1C0","HEAD","00000001",true
"EM0162_00_0","Jin Dahaad",350,"RED","00CFAF88-DFDE-4B44-B2CE-8949F4C4D71C","00000000-0000-0000-0000-000000000000","00000000-0000-0000-0000-000000000000","00000000-0000-0000-0000-000000000000","00000000-0000-0000-0000-000000000000","F35CC1C0","HEAD","00000001",true
"EM0162_00_0","Jin Dahaad",350,"RED","00CFAF88-DFDE-4B44-B2CE-8949F4C4D71C","00000000-0000-0000-0000-000000000000","00000000-0000-0000-0000-000000000000","00000000-0000-0000-0000-000000000000","00000000-0000-0000-0000-000000000000","F35CC1C0","HEAD","00000001",true
"EM0162_00_0","Jin Dahaad",500,"ORANGE","235E6BBC-DB19-4997-B6CB-EA194FF53FD3","00000000-0000-0000-0000-000000000000","00000000-0000-0000-0000-000000000000","00000000-0000-0000-0000-000000000000","00000000-0000-0000-0000-000000000000","A8970500","NECK","00000000",false
"EM0162_00_0","Jin Dahaad",500,"ORANGE","E975D298-2729-4C06-98DC-6009893BEF53","00000000-0000-0000-0000-000000000000","00000000-0000-0000-0000-000000000000","00000000-0000-0000-0000-000000000000","00000000-0000-0000-0000-000000000000","48203000","TORSO","00000000",false
"EM0162_00_0","Jin Dahaad",600,"WHITE","15C7D032-36D0-4566-9402-98C13C9C9701","00000000-0000-0000-0000-000000000000","00000000-0000-0000-0000-000000000000","00000000-0000-0000-0000-000000000000","00000000-0000-0000-0000-000000000000","72787900","RIGHT_FRONT_LEG","00000000",false
"EM0162_00_0","Jin Dahaad",800,"WHITE","15C7D032-36D0-4566-9402-98C13C9C9701","00000000-0000-0000-0000-000000000000","00000000-0000-0000-0000-000000000000","00000000-0000-0000-0000-000000000000","00000000-0000-0000-0000-000000000000","72787900","RIGHT_FRONT_LEG","00000000",false
"EM0162_00_0","Jin Dahaad",1050,"WHITE","15C7D032-36D0-4566-9402-98C13C9C9701","00000000-0000-0000-0000-000000000000","00000000-0000-0000-0000-000000000000","00000000-0000-0000-0000-000000000000","00000000-0000-0000-0000-000000000000","72787900","RIGHT_FRONT_LEG","00000000",false
"EM0162_00_0","Jin Dahaad",600,"WHITE","15C7D032-36D0-4566-9402-98C13C9C9701","00000000-0000-0000-0000-000000000000","00000000-0000-0000-0000-000000000000","00000000-0000-0000-0000-000000000000","00000000-0000-0000-0000-000000000000","CAD67C00","LEFT_FRONT_LEG","00000000",false
"EM0162_00_0","Jin Dahaad",800,"WHITE","15C7D032-36D0-4566-9402-98C13C9C9701","00000000-0000-0000-0000-000000000000","00000000-0000-0000-0000-000000000000","00000000-0000-0000-0000-000000000000","00000000-0000-0000-0000-000000000000","CAD67C00","LEFT_FRONT_LEG","00000000",false
"EM0162_00_0","Jin Dahaad",1050,"WHITE","15C7D032-36D0-4566-9402-98C13C9C9701","00000000-0000-0000-0000-000000000000","00000000-0000-0000-0000-000000000000","00000000-0000-0000-0000-000000000000","00000000-0000-0000-0000-000000000000","CAD67C00","LEFT_FRONT_LEG","00000000",false
"EM0162_00_0","Jin Dahaad",400,"WHITE","F7A155CD-7043-4B75-9B6C-5A19CB259839","00000000-0000-0000-0000-000000000000","00000000-0000-0000-0000-000000000000","00000000-0000-0000-0000-000000000000","00000000-0000-0000-0000-000000000000","23410BC0","RIGHT_HIND_LEG","00000000",false
"EM0162_00_0","Jin Dahaad",550,"WHITE","F7A155CD-7043-4B75-9B6C-5A19CB259839","00000000-0000-0000-0000-000000000000","00000000-0000-0000-0000-000000000000","00000000-0000-0000-0000-000000000000","00000000-0000-0000-0000-000000000000","23410BC0","RIGHT_HIND_LEG","00000000",false
"EM0162_00_0","Jin Dahaad",700,"WHITE","F7A155CD-7043-4B75-9B6C-5A19CB259839","00000000-0000-0000-0000-000000000000","00000000-0000-0000-0000-000000000000","00000000-0000-0000-0000-000000000000","00000000-0000-0000-0000-000000000000","23410BC0","RIGHT_HIND_LEG","00000000",false
"EM0162_00_0","Jin Dahaad",400,"WHITE","F7A155CD-7043-4B75-9B6C-5A19CB259839","00000000-0000-0000-0000-000000000000","00000000-0000-0000-0000-000000000000","00000000-0000-0000-0000-000000000000","00000000-0000-0000-0000-000000000000","1221F280","LEFT_HIND_LEG","00000000",false
"EM0162_00_0","Jin Dahaad",550,"WHITE","F7A155CD-7043-4B75-9B6C-5A19CB259839","00000000-0000-0000-0000-000000000000","00000000-0000-0000-0000-000000000000","00000000-0000-0000-0000-000000000000","00000000-0000-0000-0000-000000000000","1221F280","LEFT_HIND_LEG","00000000",false
"EM0162_00_0","Jin Dahaad",700,"WHITE","F7A155CD-7043-4B75-9B6C-5A19CB259839","00000000-0000-0000-0000-000000000000","00000000-0000-0000-0000-000000000000","00000000-0000-0000-0000-000000000000","00000000-0000-0000-0000-000000000000","1221F280","LEFT_HIND_LEG","00000000",false
"EM0162_00_0","Jin Dahaad",400,"GREEN","FAD07AA5-94FD-43D5-85AF-36EB78CD4552","00000000-0000-0000-0000-000000000000","00000000-0000-0000-0000-000000000000","00000000-0000-0000-0000-000000000000","00000000-0000-0000-0000-000000000000","773B3D00","TAIL","00000001",true
"EM0162_00_0","Jin Dahaad",200,"WHITE","E11D10C9-DCAC-4FF5-95B7-70502D04AC0D","00000000-0000-0000-0000-000000000000","00000000-0000-0000-0000-000000000000","00000000-0000-0000-0000-000000000000","00000000-0000-0000-0000-000000000000","343B9B80","FROZEN_CORE_WAIST","00000001",true
"EM0162_00_0","Jin Dahaad",9999,"WHITE","DE427AA9-4771-4FF4-A76C-19BF493C564E","00000000-0000-0000-0000-000000000000","00000000-0000-0000-0000-000000000000","00000000-0000-0000-0000-000000000000","00000000-0000-0000-0000-000000000000","3F5F5A80","FROZEN_BIGCORE_BEFORE","00000000",false
"EM0162_00_0","Jin Dahaad",300,"WHITE","E11D10C9-DCAC-4FF5-95B7-70502D04AC0D","00000000-0000-0000-0000-000000000000","00000000-0000-0000-0000-000000000000","00000000-0000-0000-0000-000000000000","00000000-0000-0000-0000-000000000000","B0D04400","FROZEN_BIGCORE_AFTER","00000001",true
"EM0163_00_0","Xu Wu",300,"RED","9B0DF9BE-4D3D-4598-8BB1-F2CD90D3A524","00000000-0000-0000-0000-000000000000","00000000-0000-0000-0000-000000000000","00000000-0000-0000-0000-000000000000","00000000-0000-0000-0000-000000000000","F35CC1C0","HEAD","00000001",true
"EM0163_00_0","Xu Wu",5.937772429628263e-39,"ORANGE","63DDFF6B-6849-4E03-AD01-D2BD2C0F95E5","00000000-0000-0000-0000-000000000000","00000000-0000-0000-0000-000000000000","00000000-0000-0000-0000-000000000000","00000000-0000-0000-0000-000000000000","1DC77CA0","TENTACLE","00000000",false
"EM0163_00_0","Xu Wu",5.937772429628263e-39,"ORANGE","63DDFF6B-6849-4E03-AD01-D2BD2C0F95E5","00000000-0000-0000-0000-000000000000","00000000-0000-0000-0000-000000000000","00000000-0000-0000-0000-000000000000","00000000-0000-0000-0000-000000000000","A2BDCD00","UMBRELLA","00000000",false
"EM0163_00_0","Xu Wu",5.937772429628263e-39,"ORANGE","63DDFF6B-6849-4E03-AD01-D2BD2C0F95E5","00000000-0000-0000-0000-000000000000","00000000-0000-0000-0000-000000000000","00000000-0000-0000-0000-000000000000","00000000-0000-0000-0000-000000000000","48203000","TORSO","00000000",false
"EM0163_00_0","Xu Wu",250,"WHITE","DC763288-0926-4617-BA5B-38FA6C02B96D","00000000-0000-0000-0000-000000000000","00000000-0000-0000-0000-000000000000","00000000-0000-0000-0000-000000000000","00000000-0000-0000-0000-000000000000","46352600","LEFT_FRONT_ARM","00000001",true
"EM0163_00_0","Xu Wu",250,"WHITE","DC763288-0926-4617-BA5B-38FA6C02B96D","00000000-0000-0000-0000-000000000000","00000000-0000-0000-0000-000000000000","00000000-0000-0000-0000-000000000000","00000000-0000-0000-0000-000000000000","8F95F180","RIGHT_FRONT_ARM","00000001",true
"EM0163_00_0","Xu Wu",200,"ORANGE","DC763288-0926-4617-BA5B-38FA6C02B96D","00000000-0000-0000-0000-000000000000","00000000-0000-0000-0000-000000000000","00000000-0000-0000-0000-000000000000","00000000-0000-0000-0000-000000000000","A1896000","LEFT_SIDE_ARM","00000001",true
"EM0163_00_0","Xu Wu",200,"ORANGE","DC763288-0926-4617-BA5B-38FA6C02B96D","00000000-0000-0000-0000-000000000000","00000000-0000-0000-0000-000000000000","00000000-0000-0000-0000-000000000000","00000000-0000-0000-0000-000000000000","44CF1580","RIGHT_SIDE_ARM","00000001",true
"EM0163_00_0","Xu Wu",180,"ORANGE","DC763288-0926-4617-BA5B-38FA6C02B96D","00000000-0000-0000-0000-000000000000","00000000-0000-0000-0000-000000000000","00000000-0000-0000-0000-000000000000","00000000-0000-0000-0000-000000000000","A04BD380","LEFT_HIND_ARM","00000001",true
"EM0163_00_0","Xu Wu",180,"ORANGE","DC763288-0926-4617-BA5B-38FA6C02B96D","00000000-0000-0000-0000-000000000000","00000000-0000-0000-0000-000000000000","00000000-0000-0000-0000-000000000000","00000000-0000-0000-0000-000000000000","72BEC380","RIGHT_HIND_ARM","00000001",true
"EM0163_00_0","Xu Wu",200,"RED","77B839ED-4F51-477B-8EE8-0A2078EBF9B0","00000000-0000-0000-0000-000000000000","00000000-0000-0000-0000-000000000000","00000000-0000-0000-0000-000000000000","00000000-0000-0000-0000-000000000000","BDD1B780","MOUTH","00000001",true
"EM0164_50_0","Zoh Shia",55,"RED","B03D9A53-7D11-492B-AFAD-DCACE8E3CE18","00000000-0000-0000-0000-000000000000","00000000-0000-0000-0000-000000000000","00000000-0000-0000-0000-000000000000","00000000-0000-0000-0000-000000000000","0000198A","HEAD_WEAR","00000001",true
"EM0164_50_0","Zoh Shia",28,"WHITE","B9C0BAB2-500D-4101-84AE-0E8EF7AF3DD1","00000000-0000-0000-0000-000000000000","00000000-0000-0000-0000-000000000000","00000000-0000-0000-0000-000000000000","00000000-0000-0000-0000-000000000000","0000094F","LEFT_WING_ARM_WEAR","00000001",true
"EM0164_50_0","Zoh Shia",28,"WHITE","B9C0BAB2-500D-4101-84AE-0E8EF7AF3DD1","00000000-0000-0000-0000-000000000000","00000000-0000-0000-0000-000000000000","00000000-0000-0000-0000-000000000000","00000000-0000-0000-0000-000000000000","00000913","RIGHT_WING_ARM_WEAR","00000001",true
"EM0164_50_0","Zoh Shia",500,"RED","C4B246F4-9E3F-44C4-8E4E-0D9D73568519","00000000-0000-0000-0000-000000000000","00000000-0000-0000-0000-000000000000","00000000-0000-0000-0000-000000000000","00000000-0000-0000-0000-000000000000","00007667","HEAD_HIDE","00000001",true
"EM0164_50_0","Zoh Shia",550,"WHITE","604CC9C5-ECA3-40C5-B3FC-C0D1176404B9","00000000-0000-0000-0000-000000000000","997DB803-ABC6-4552-A789-6EA9A96C3AFF","00000000-0000-0000-0000-000000000000","00000000-0000-0000-0000-000000000000","00002A4F","LEFT_WING_ARM_HIDE","00000001",true
"EM0164_50_0","Zoh Shia",550,"WHITE","604CC9C5-ECA3-40C5-B3FC-C0D1176404B9","00000000-0000-0000-0000-000000000000","997DB803-ABC6-4552-A789-6EA9A96C3AFF","00000000-0000-0000-0000-000000000000","00000000-0000-0000-0000-000000000000","00005468","RIGHT_WING_ARM_HIDE","00000001",true
"EM0164_50_0","Zoh Shia",400,"RED","7C96A6EA-7701-4F93-B7DE-1EACCC40C78F","00000000-0000-0000-0000-000000000000","00000000-0000-0000-0000-000000000000","00000000-0000-0000-0000-000000000000","00000000-0000-0000-0000-000000000000","F35CC1C0","HEAD","00000001",true
"EM0164_50_0","Zoh Shia",300,"WHITE","91BE8771-6705-4937-B862-81DED5B7DC08","00000000-0000-0000-0000-000000000000","5118A879-98DC-4E70-8CA7-EF9675C769E1","00000000-0000-0000-0000-000000000000","00000000-0000-0000-0000-000000000000","0000587A","LEFT_WING_ARM","00000001",true
"EM0164_50_0","Zoh Shia",300,"WHITE","91BE8771-6705-4937-B862-81DED5B7DC08","00000000-0000-0000-0000-000000000000","5118A879-98DC-4E70-8CA7-EF9675C769E1","00000000-0000-0000-0000-000000000000","00000000-0000-0000-0000-000000000000","0000782B","RIGHT_WING_ARM","00000001",true
"EM0164_50_0","Zoh Shia",300,"WHITE","C3919613-CE94-48E1-B2C0-AAEA350E75B0","00000000-0000-0000-0000-000000000000","BDF4C5CC-54F5-4534-814A-B55EDD9F8406","00000000-0000-0000-0000-000000000000","00000000-0000-0000-0000-000000000000","CAD67C00","LEFT_FRONT_LEG","00000001",true
"EM0164_50_0","Zoh Shia",300,"WHITE","C3919613-CE94-48E1-B2C0-AAEA350E75B0","00000000-0000-0000-0000-000000000000","BDF4C5CC-54F5-4534-814A-B55EDD9F8406","00000000-0000-0000-0000-000000000000","00000000-0000-0000-0000-000000000000","72787900","RIGHT_FRONT_LEG","00000001",true
"EM0164_50_0","Zoh Shia",400,"GREEN","E7AA9082-A9C8-4D7A-83E2-70729AA02949","00000000-0000-0000-0000-000000000000","28E7FE6D-25E6-49E2-A94F-2C264A39DC7B","00000000-0000-0000-0000-000000000000","00000000-0000-0000-0000-000000000000","1221F280","LEFT_HIND_LEG","00000001",true
"EM0164_50_0","Zoh Shia",400,"GREEN","E7AA9082-A9C8-4D7A-83E2-70729AA02949","00000000-0000-0000-0000-000000000000","28E7FE6D-25E6-49E2-A94F-2C264A39DC7B","00000000-0000-0000-0000-000000000000","00000000-0000-0000-0000-000000000000","23410BC0","RIGHT_HIND_LEG","00000001",true
"EM0164_50_0","Zoh Shia",9999,"RED","243E7CCB-1134-4A58-AD25-2A3210CF1345","00000000-0000-0000-0000-000000000000","AEC830DD-A4F7-4A84-9EF1-4E9C9DE27694","00000000-0000-0000-0000-000000000000","00000000-0000-0000-0000-000000000000","A8970500","NECK","00000000",false
"EM0164_50_0","Zoh Shia",9999,"ORANGE","D8E87426-4500-40D3-B496-56E4F8BEB60B","00000000-0000-0000-0000-000000000000","A6AB1DD7-0FF8-4B37-AEDC-350A8954AF64","00000000-0000-0000-0000-000000000000","00000000-0000-0000-0000-000000000000","48203000","TORSO","00000000",false
"EM0164_50_0","Zoh Shia",300,"RED","FF31E218-2568-4E76-9DFA-B1BA8C1DBDC3","00000000-0000-0000-0000-000000000000","8CBC26BF-64B8-4656-852F-E2C2195B9A19","00000000-0000-0000-0000-000000000000","00000000-0000-0000-0000-000000000000","773B3D00","TAIL","00000001",true
"EM0165_00_0","High Purrformance Barrel Puncher",9999,"ORANGE","8FAFED7A-3234-42A4-8DAD-5234A674C5F7","84959762-606F-4799-8094-F36AD95108BD","84959762-606F-4799-8094-F36AD95108BD","00000000-0000-0000-0000-000000000000","00000000-0000-0000-0000-000000000000","FFFFFFFF","#N/A","00000000",false
"EM0165_00_0","High Purrformance Barrel Puncher",9999,"WHITE","8FAFED7A-3234-42A4-8DAD-5234A674C5F7","84959762-606F-4799-8094-F36AD95108BD","84959762-606F-4799-8094-F36AD95108BD","00000000-0000-0000-0000-000000000000","00000000-0000-0000-0000-000000000000","FFFFFFFF","#N/A","00000000",false
"EM0165_00_0","High Purrformance Barrel Puncher",9999,"WHITE","8FAFED7A-3234-42A4-8DAD-5234A674C5F7","84959762-606F-4799-8094-F36AD95108BD","84959762-606F-4799-8094-F36AD95108BD","00000000-0000-0000-0000-000000000000","00000000-0000-0000-0000-000000000000","FFFFFFFF","#N/A","00000000",false
"EM0165_00_0","High Purrformance Barrel Puncher",9999,"ORANGE","CB5F9C79-592C-4A44-91FF-F56E520DEE82","00000000-0000-0000-0000-000000000000","CB5F9C79-592C-4A44-91FF-F56E520DEE82","00000000-0000-0000-0000-000000000000","00000000-0000-0000-0000-000000000000","FFFFFFFF","#N/A","00000000",false
"EM0165_00_0","High Purrformance Barrel Puncher",9999,"GREEN","8FAFED7A-3234-42A4-8DAD-5234A674C5F7","84959762-606F-4799-8094-F36AD95108BD","84959762-606F-4799-8094-F36AD95108BD","00000000-0000-0000-0000-000000000000","00000000-0000-0000-0000-000000000000","FFFFFFFF","#N/A","00000000",false
"EM0165_00_0","High Purrformance Barrel Puncher",9999,"RED","8FAFED7A-3234-42A4-8DAD-5234A674C5F7","84959762-606F-4799-8094-F36AD95108BD","84959762-606F-4799-8094-F36AD95108BD","00000000-0000-0000-0000-000000000000","00000000-0000-0000-0000-000000000000","FFFFFFFF","#N/A","00000000",false